날짜,요일,날씨,총계,평균기온(℃),강수량(mm)
01-01,월,맑음,2316,-1.3,0.0
01-02,화,구름 조금,988,-1.8,1.25
01-03,수,구름 조금,694,-4.7,1.25
01-04,목,흐림,671,-4.7,6.5
01-05,금,구름 조금,758,-3.0,1.25
01-06,토,맑음,1935,-2.8,0.0
01-07,일,흐림,1881,-0.8,6.5
01-08,월,흐림,634,1.3,0.0
01-09,화,구름 많음,523,-4.2,0.0
01-10,수,구름 조금,382,-7.5,0.0
01-11,목,맑음,312,-11.1,0.0
01-12,금,맑음,228,-10.2,0.0
01-13,토,맑음,1015,-4.4,0.0
01-14,일,구름 많음,1654,0.6,0.0
01-15,월,구름 조금,645,4.7,0.0
01-16,화,비,699,3.5,0.0
01-17,수,구름 조금,631,4.5,1.25
01-18,목,구름 많음,1503,2.1,0.0
01-19,금,맑음,918,1.0,0.0
01-20,토,구름 조금,2083,2.2,1.25
01-21,일,구름 많음,2123,0.4,0.0
01-22,월,눈,852,0.2,0.0
01-23,화,맑음,363,-11.7,0.0
01-24,수,맑음,128,-14.2,0.0
01-25,목,맑음,162,-14.0,0.0
01-26,금,맑음,222,-14.8,0.0
01-27,토,구름 조금,655,-9.9,1.25
01-28,일,구름 조금,962,-6.3,1.25
01-29,월,맑음,409,-8.5,0.0
01-30,화,구름 많음,9660,-5.3,0.0
01-31,수,구름 많음,585,-2.6,0.0
02-01,목,맑음,679,-4.0,0.0
02-02,금,구름 많음,704,-2.4,0.0
02-03,토,구름 조금,1049,-7.3,0.0
02-04,일,맑음,790,-9.5,0.0
02-05,월,맑음,348,-9.4,0.0
02-06,화,구름 조금,369,-10.1,1.25
02-07,수,구름 많음,418,-8.0,0.0
02-08,목,맑음,724,-4.4,0.0
02-09,금,맑음,657,0.4,0.0
02-10,토,맑음,1861,-0.5,0.0
02-11,일,눈,1159,-6.1,0.0
02-12,월,구름 많음,499,-5.8,0.0
02-13,화,맑음,725,-0.8,0.0
02-14,수,맑음,810,3.5,0.0
02-15,목,구름 조금,1765,-0.7,1.25
02-16,금,맑음,3007,-1.1,0.0
02-17,토,맑음,3590,-3.0,0.0
02-18,일,구름 많음,3370,-0.4,0.0
02-19,월,구름 많음,1558,1.8,0.0
02-20,화,구름 조금,1243,0.9,1.25
02-21,수,구름 조금,1169,-0.9,1.25
02-22,목,구름 많음,1348,1.3,0.0
02-23,금,구름 조금,1079,4.2,0.0
02-24,토,구름 많음,3362,2.4,0.0
02-25,일,맑음,6139,1.9,0.0
02-26,월,구름 조금,2252,3.1,1.25
02-27,화,흐림,1517,4.2,6.5
02-28,수,비,626,4.6,0.0
03-01,목,맑음,3290,13.70737018425461,0.0
03-02,금,맑음,1500,13.70737018425461,0.0
03-03,토,구름 많음,14540,13.70737018425461,0.0
03-04,일,흐림,3619,-0.2,0.0
03-05,월,구름 조금,1049,-0.7,1.25
03-06,화,구름 조금,1751,7.9,0.0
03-07,수,구름 많음,1434,9.8,0.0
03-08,목,흐림,604,5.5,0.0
03-09,금,구름 조금,1366,4.5,1.25
03-10,토,구름 조금,10723,6.4,0.0
03-11,일,구름 조금,14512,4.6,0.0
03-12,월,맑음,1555,4.5,0.0
03-13,화,구름 조금,1819,4.6,1.25
03-14,수,구름 조금,3032,6.4,1.25
03-15,목,비,390,8.0,20.0
03-16,금,맑음,2101,12.4,0.0
03-17,토,구름 많음,21711,17.0,0.0
03-18,일,흐림,11340,12.4,0.0
03-19,월,구름 조금,785,7.1,1.25
03-20,화,구름 많음,1228,6.6,0.0
03-21,수,눈,2184,8.2,0.0
03-22,목,맑음,1559,8.0,0.0
03-23,금,구름 조금,1922,4.7,1.25
03-24,토,구름 조금,8418,2.1,0.0
03-25,일,맑음,7334,4.9,0.0
03-26,월,맑음,1227,6.1,0.0
03-27,화,구름 조금,1297,7.6,1.25
03-28,수,구름 조금,1830,9.6,1.25
03-29,목,구름 조금,1588,11.0,1.25
03-30,금,맑음,3670,13.3,0.0
03-31,토,구름 조금,24609,14.0,1.25
04-01,일,흐림,15121,15.4,6.5
04-02,월,맑음,2785,14.8,0.0
04-03,화,맑음,3689,14.0,0.0
04-04,수,맑음,2575,15.6,0.0
04-05,목,맑음,992,18.4,0.0
04-06,금,구름 많음,3920,17.8,0.0
04-07,토,구름 많음,12741,13.4,0.0
04-08,일,흐림,12683,7.6,0.0
04-09,월,구름 조금,5775,5.8,0.0
04-10,화,구름 많음,7236,4.2,0.0
04-11,수,맑음,4184,3.9,0.0
04-12,목,맑음,7264,7.9,0.0
04-13,금,구름 많음,8694,15.1,0.0
04-14,토,흐림,2097,12.6,6.5
04-15,일,구름 조금,21355,13.3,1.25
04-16,월,구름 조금,5480,14.6,1.25
04-17,화,맑음,5164,9.0,0.0
04-18,수,맑음,5634,9.5,0.0
04-19,목,맑음,5069,11.6,0.0
04-20,금,맑음,5353,12.9,0.0
04-21,토,구름 조금,32610,12.4,1.25
04-22,일,비,7680,14.0,20.0
04-23,월,비,288,18.4,20.0
04-24,화,구름 많음,4340,18.7,0.0
04-25,수,맑음,8633,15.5,0.0
04-26,목,구름 조금,15833,9.3,0.0
04-27,금,맑음,14350,12.1,0.0
04-28,토,맑음,22964,14.6,0.0
04-29,일,구름 조금,29774,14.9,1.25
04-30,월,구름 조금,15101,15.7,1.25
05-01,화,흐림,22284,15.4,6.5
05-02,수,비,1349,16.2,20.0
05-03,목,흐림,9103,19.2,6.5
05-04,금,맑음,11398,13.70737018425461,0.0
05-05,토,맑음,52310,20.4,0.0
05-06,일,비,3344,15.1,0.0
05-07,월,구름 많음,32821,11.2,0.0
05-08,화,맑음,5728,14.1,0.0
05-09,수,맑음,5892,18.3,0.0
05-10,목,비,6762,16.6,22.0
05-11,금,구름 많음,9835,19.2,0.0
05-12,토,비,1345,17.5,20.0
05-13,일,구름 조금,23131,15.7,1.25
05-14,월,맑음,4102,15.4,0.0
05-15,화,구름 많음,4825,16.1,0.0
05-16,수,비,896,14.2,0.0
05-17,목,비,1309,15.8,0.0
05-18,금,흐림,5492,18.2,6.5
05-19,토,맑음,33655,23.2,0.0
05-20,일,구름 많음,30449,22.3,0.0
05-21,월,구름 조금,19298,20.9,0.0
05-22,화,흐림,28495,16.3,0.0
05-23,수,맑음,6302,17.6,0.0
05-24,목,맑음,6387,17.0,0.0
05-25,금,구름 많음,8457,17.8,0.0
05-26,토,맑음,27705,18.1,0.0
05-27,일,구름 많음,32244,17.3,0.0
05-28,월,구름 조금,27205,18.3,1.25
05-29,화,구름 많음,8741,19.7,0.0
05-30,수,구름 많음,7303,21.8,0.0
05-31,목,맑음,26276,20.3,0.0
06-01,금,맑음,9969,22.3,0.0
06-02,토,맑음,26341,21.4,0.0
06-03,일,맑음,25808,20.2,0.0
06-04,월,구름 많음,5922,20.9,0.0
06-05,화,구름 조금,9027,23.8,1.25
06-06,수,맑음,29944,23.4,0.0
06-07,목,구름 조금,6171,24.0,1.25
06-08,금,구름 조금,7157,22.6,1.25
06-09,토,흐림,18036,23.7,6.5
06-10,일,흐림,19328,23.0,6.5
06-11,월,구름 많음,3626,22.2,0.0
06-12,화,구름 조금,5547,21.9,1.25
06-13,수,구름 많음,17997,23.7,0.0
06-14,목,비,1766,21.3,0.0
06-15,금,구름 조금,4362,20.2,0.0
06-16,토,구름 조금,15207,21.3,0.0
06-17,일,구름 많음,12254,22.0,0.0
06-18,월,맑음,2432,21.6,0.0
06-19,화,구름 많음,3781,21.7,0.0
06-20,수,구름 조금,3212,22.5,1.25
06-21,목,맑음,2893,22.8,0.0
06-22,금,구름 조금,16022,24.8,1.25
06-23,토,구름 많음,8845,22.4,0.0
06-24,일,맑음,6553,22.7,0.0
06-25,월,구름 많음,2284,23.7,0.0
06-26,화,비,13766,25.0,20.0
06-27,수,구름 많음,1986,24.5,0.0
06-28,목,구름 많음,1969,25.2,0.0
06-29,금,구름 많음,8100,27.1,0.0
06-30,토,비,3604,22.3,0.0
07-01,일,비,411,22.3,0.0
07-02,월,비,334,23.3,0.0
07-03,화,구름 많음,1777,24.7,0.0
07-04,수,구름 많음,1568,24.4,0.0
07-05,목,비,1283,13.70737018425461,20.0
07-06,금,구름 많음,2418,21.9,0.0
07-07,토,구름 많음,11179,22.6,0.0
07-08,일,흐림,12207,27.4,0.0
07-09,월,비,574,27.3,20.0
07-10,화,흐림,1614,25.3,0.0
07-11,수,구름 많음,1407,23.9,0.0
07-12,목,구름 조금,2517,23.7,1.25
07-13,금,구름 많음,1356,23.3,0.0
07-14,토,구름 조금,3918,20.8,0.0
07-15,일,구름 조금,3031,23.7,0.0
07-16,월,맑음,852,26.8,0.0
07-17,화,맑음,1139,26.6,0.0
07-18,수,맑음,14697,27.3,0.0
07-19,목,맑음,899,27.9,0.0
07-20,금,맑음,756,28.3,0.0
07-21,토,맑음,1537,28.7,0.0
07-22,일,구름 조금,1228,28.1,1.25
07-23,월,맑음,605,28.2,0.0
07-24,화,맑음,516,28.7,0.0
07-25,수,맑음,651,29.5,0.0
07-26,목,맑음,712,30.6,0.0
07-27,금,구름 많음,1830,31.8,0.0
07-28,토,비,1410,31.7,20.0
07-29,일,구름 조금,1620,31.4,1.25
07-30,월,구름 많음,937,30.1,0.0
07-31,화,구름 조금,1320,30.1,1.25
08-01,수,맑음,607,30.9,0.0
08-02,목,구름 조금,792,29.5,0.0
08-03,금,구름 조금,701,31.3,1.25
08-04,토,구름 조금,1558,31.7,1.25
08-05,일,구름 많음,1690,32.6,0.0
08-06,월,구름 많음,815,33.6,0.0
08-07,화,구름 많음,816,33.7,0.0
08-08,수,구름 많음,720,33.1,0.0
08-09,목,비,1072,31.1,20.0
08-10,금,비,725,30.0,0.0
08-11,토,구름 조금,2070,30.5,0.0
08-12,일,구름 많음,3107,30.5,0.0
08-13,월,구름 많음,865,31.0,0.0
08-14,화,구름 많음,943,28.8,0.0
08-15,수,구름 많음,1790,30.7,0.0
08-16,목,구름 조금,755,31.0,1.25
08-17,금,맑음,1690,30.6,0.0
08-18,토,구름 조금,7856,30.5,0.0
08-19,일,구름 많음,7320,31.7,0.0
08-20,월,구름 많음,1315,31.7,0.0
08-21,화,구름 많음,1185,29.9,0.0
08-22,수,구름 조금,1501,27.2,1.25
08-23,목,비,520,26.7,20.0
08-24,금,비,480,28.2,20.0
08-25,토,구름 많음,10258,29.1,0.0
08-26,일,비,5426,26.6,0.0
08-27,월,비,549,30.7,20.0
08-28,화,비,644,29.4,0.0
08-29,수,비,4342,24.4,0.0
08-30,목,구름 많음,1066,25.2,0.0
08-31,금,구름 많음,2373,23.2,0.0
09-01,토,구름 조금,15182,22.7,0.0
09-02,일,구름 많음,15541,23.7,0.0
09-03,월,비,684,25.2,0.0
09-04,화,구름 조금,2211,25.3,0.0
09-05,수,맑음,2910,25.6,0.0
09-06,목,구름 많음,2383,25.5,0.0
09-07,금,구름 조금,3470,25.1,1.25
09-08,토,맑음,22103,23.3,0.0
09-09,일,구름 조금,23202,23.2,1.25
09-10,월,구름 조금,3329,24.0,1.25
09-11,화,구름 많음,3546,24.1,0.0
09-12,수,구름 조금,3032,22.0,0.0
09-13,목,구름 많음,3182,21.7,0.0
09-14,금,흐림,3111,22.2,6.5
09-15,토,흐림,10686,22.9,6.5
09-16,일,흐림,9048,21.6,6.5
09-17,월,맑음,3011,22.8,0.0
09-18,화,구름 많음,3310,23.5,0.0
09-19,수,구름 많음,7333,23.5,0.0
09-20,목,흐림,1696,23.3,0.0
09-21,금,흐림,741,22.2,0.0
09-22,토,맑음,14301,22.3,0.0
09-23,일,구름 많음,13065,22.0,0.0
09-24,월,맑음,19661,22.1,0.0
09-25,화,맑음,29558,19.0,0.0
09-26,수,구름 조금,21131,19.4,0.0
09-27,목,흐림,5153,20.8,6.5
09-28,금,구름 조금,5910,19.4,0.0
09-29,토,맑음,22289,17.6,0.0
09-30,일,맑음,19868,17.8,0.0
10-01,월,구름 많음,3207,19.4,0.0
10-02,화,맑음,4863,18.9,0.0
10-03,수,맑음,27449,17.5,0.0
10-04,목,구름 조금,4159,20.2,1.25
10-05,금,비,1426,17.6,20.0
10-06,토,비,1355,13.70737018425461,20.0
10-07,일,구름 조금,22060,15.4,0.0
10-08,월,구름 조금,11611,15.9,1.25
10-09,화,구름 많음,27514,17.3,0.0
10-10,수,구름 조금,3384,19.3,1.25
10-11,목,구름 조금,5071,16.9,0.0
10-12,금,맑음,8295,18.0,0.0
10-13,토,맑음,16641,16.4,0.0
10-14,일,구름 많음,17762,14.8,0.0
10-15,월,맑음,7580,15.3,0.0
10-16,화,구름 많음,4861,12.0,0.0
10-17,수,맑음,5903,9.7,0.0
10-18,목,비,5146,10.9,20.0
10-19,금,맑음,11385,12.5,0.0
10-20,토,맑음,22515,13.2,0.0
10-21,일,맑음,21366,15.2,0.0
10-22,월,맑음,4455,14.5,0.0
10-23,화,비,2405,12.4,20.0
10-24,수,맑음,5240,12.7,0.0
10-25,목,구름 조금,6662,13.1,1.25
10-26,금,비,14286,13.4,20.0
10-27,토,구름 많음,21561,13.4,0.0
10-28,일,비,4916,14.0,20.0
10-29,월,구름 많음,3342,12.2,0.0
10-30,화,구름 조금,3786,12.5,1.25
10-31,수,맑음,5730,13.8,0.0
11-01,목,맑음,3923,12.2,0.0
11-02,금,맑음,5152,8.7,0.0
11-03,토,맑음,16626,8.3,0.0
11-04,일,구름 조금,15903,7.2,0.0
11-05,월,구름 조금,2780,6.1,0.0
11-06,화,구름 많음,2108,7.4,0.0
11-07,수,흐림,1321,8.4,6.5
11-08,목,비,576,10.6,20.0
11-09,금,구름 조금,2922,11.2,1.25
11-10,토,맑음,6233,11.6,0.0
11-11,일,비,5204,11.9,20.0
11-12,월,맑음,2316,12.2,0.0
11-13,화,맑음,2244,12.8,0.0
11-14,수,맑음,2219,11.8,0.0
11-15,목,구름 많음,1911,12.1,0.0
11-16,금,구름 많음,1626,11.9,0.0
11-17,토,구름 많음,6659,8.1,0.0
11-18,일,구름 많음,6404,8.1,0.0
11-19,월,구름 조금,1383,8.8,1.25
11-20,화,맑음,1427,9.8,0.0
11-21,수,비,893,9.7,20.0
11-22,목,맑음,4964,8.8,0.0
11-23,금,맑음,1208,4.9,0.0
11-24,토,구름 많음,1404,6.1,0.0
11-25,일,구름 조금,3699,6.5,1.25
11-26,월,맑음,1169,6.5,0.0
11-27,화,구름 많음,923,5.8,0.0
11-28,수,구름 조금,895,2.3,1.25
11-29,목,구름 많음,8472,1.9,0.0
11-30,금,구름 조금,987,2.6,0.0
12-01,토,맑음,4005,4.8,0.0
12-02,일,흐림,3381,6.3,6.5
12-03,월,흐림,356,7.1,6.5
12-04,화,구름 많음,610,5.0,0.0
12-05,수,구름 많음,815,3.5,0.0
12-06,목,구름 많음,878,2.7,0.0
12-07,금,구름 조금,440,13.70737018425461,1.25
12-08,토,구름 조금,807,5.5,1.25
12-09,일,구름 조금,808,8.2,1.25
12-10,월,맑음,553,11.5,0.0
12-11,화,흐림,997,6.7,0.0
12-12,수,맑음,2089,0.0,0.0
12-13,목,구름 조금,854,2.4,0.0
12-14,금,맑음,456,-7.3,0.0
12-15,토,구름 조금,1381,-8.3,1.25
12-16,일,흐림,1134,-7.2,6.5
12-17,월,맑음,656,-2.5,0.0
12-18,화,구름 조금,861,0.2,1.25
12-19,수,구름 조금,809,-1.9,1.25
12-20,목,구름 조금,876,-2.2,0.0
12-21,금,구름 많음,1630,-4.4,0.0
12-22,토,구름 조금,1982,-2.4,1.25
12-23,일,맑음,2948,0.0,0.0
12-24,월,맑음,982,1.6,0.0
12-25,화,흐림,2402,2.6,6.5
12-26,수,구름 조금,752,4.0,1.25
12-27,목,맑음,3943,3.4,0.0
12-28,금,맑음,357,5.6,0.0
12-29,토,맑음,734,6.9,0.0
12-30,일,맑음,915,2.4,0.0
12-31,월,맑음,834,-2.3,0.0
01-01,화,구름 조금,1524,-5.0,1.25
01-02,수,맑음,634,-4.9,0.0
01-03,목,맑음,777,-3.5,0.0
01-04,금,구름 많음,690,-1.1,0.0
01-05,토,맑음,1601,-2.8,0.0
01-06,일,맑음,2057,-2.8,0.0
01-07,월,맑음,773,-1.9,0.0
01-08,화,맑음,804,-3.5,0.0
01-09,수,구름 많음,529,-4.7,0.0
01-10,목,구름 많음,839,-0.6,0.0
01-11,금,맑음,814,2.4,0.0
01-12,토,맑음,1855,2.8,0.0
01-13,일,맑음,1680,1.2,0.0
01-14,월,맑음,433,1.4,0.0
01-15,화,구름 조금,493,-1.7,0.0
01-16,수,맑음,674,-5.2,0.0
01-17,목,맑음,1220,-0.3,0.0
01-18,금,맑음,810,0.6,0.0
01-19,토,흐림,1738,3.6,6.5
01-20,일,맑음,2064,-1.4,0.0
01-21,월,구름 조금,731,-1.2,0.0
01-22,화,구름 조금,988,1.7,1.25
01-23,수,맑음,756,2.0,0.0
01-24,목,구름 조금,1010,0.1,1.25
01-25,금,맑음,882,-1.2,0.0
01-26,토,맑음,2023,-2.5,0.0
01-27,일,맑음,2391,-0.1,0.0
01-28,월,구름 조금,703,1.2,0.0
01-29,화,구름 조금,938,-0.2,1.25
01-30,수,구름 많음,716,1.8,0.0
01-31,목,구름 많음,1624,-2.0,0.0
02-01,금,맑음,626,-2.1,0.0
02-02,토,구름 많음,1630,1.4,0.0
02-03,일,비,405,3.3,0.0
02-04,월,맑음,2550,-0.6,0.0
02-05,화,맑음,3855,2.8,0.0
02-06,수,맑음,4046,5.1,0.0
02-07,목,구름 조금,996,-2.1,0.0
02-08,금,맑음,771,-6.1,0.0
02-09,토,맑음,1771,-5.4,0.0
02-10,일,구름 많음,1652,-5.0,0.0
02-11,월,맑음,732,-3.0,0.0
02-12,화,구름 조금,1041,-0.6,0.0
02-13,수,맑음,917,-2.1,0.0
02-14,목,구름 많음,1290,-0.5,0.0
02-15,금,흐림,587,-0.8,0.0
02-16,토,맑음,1889,-2.7,0.0
02-17,일,맑음,2834,-1.8,0.0
02-18,월,맑음,1084,0.9,0.0
02-19,화,구름 많음,514,1.4,4.6
02-20,수,구름 조금,832,1.7,0.0
02-21,목,맑음,998,2.4,0.0
02-22,금,구름 많음,1005,4.0,0.0
02-23,토,맑음,4086,6.8,0.0
02-24,일,맑음,7466,6.3,0.0
02-25,월,맑음,1428,4.7,0.0
02-26,화,맑음,2285,5.2,0.0
02-27,수,구름 많음,2595,7.8,0.0
02-28,목,구름 조금,2135,6.6,1.25
03-01,금,맑음,6264,13.70737018425461,0.0
03-02,토,맑음,5491,13.70737018425461,0.0
03-03,일,맑음,4393,13.70737018425461,0.0
03-04,월,맑음,822,6.6,0.0
03-05,화,구름 많음,649,7.8,0.0
03-06,수,구름 많음,513,9.4,0.0
03-07,목,맑음,1196,9.9,0.0
03-08,금,맑음,1622,8.4,0.0
03-09,토,맑음,17833,8.4,0.0
03-10,일,맑음,9254,7.0,0.0
03-11,월,맑음,1025,6.1,0.0
03-12,화,맑음,1326,7.2,0.0
03-13,수,맑음,1064,10.1,0.0
03-14,목,구름 조금,1351,6.6,0.0
03-15,금,눈/비,963,3.9,0.0
03-16,토,구름 많음,8722,3.5,0.0
03-17,일,구름 조금,15718,5.0,0.0
03-18,월,구름 많음,1945,5.5,3.5
03-19,화,맑음,2077,4.3,0.0
03-20,수,흐림,759,6.3,6.5
03-21,목,구름 많음,1144,7.1,0.0
03-22,금,맑음,1477,10.0,0.0
03-23,토,눈/비,3562,10.3,0.0
03-24,일,맑음,12787,7.1,0.0
03-25,월,구름 많음,1538,3.3,0.0
03-26,화,구름 조금,1744,3.3,0.0
03-27,수,구름 많음,1117,4.3,0.0
03-28,목,구름 많음,1665,7.3,0.0
03-29,금,구름 조금,2870,11.4,1.25
03-30,토,흐림,2452,11.6,6.5
03-31,일,구름 조금,4418,9.4,1.25
04-01,월,구름 조금,1876,9.2,1.25
04-02,화,구름 조금,2081,5.2,0.0
04-03,수,맑음,3957,4.4,0.0
04-04,목,맑음,3060,5.5,0.0
04-05,금,맑음,4100,6.7,0.0
04-06,토,비,11272,7.6,20.0
04-07,일,구름 조금,31924,9.2,1.25
04-08,월,맑음,5501,11.4,0.0
04-09,화,비,3029,9.3,0.0
04-10,수,흐림,2124,12.6,6.5
04-11,목,구름 많음,8577,11.6,0.0
04-12,금,맑음,9296,9.2,0.0
04-13,토,구름 많음,39200,7.1,0.0
04-14,일,흐림,5017,9.5,6.5
04-15,월,맑음,6556,11.4,0.0
04-16,화,구름 많음,6982,11.8,0.0
04-17,수,맑음,6040,9.6,0.0
04-18,목,맑음,4791,11.6,0.0
04-19,금,맑음,6494,14.9,0.0
04-20,토,맑음,29419,15.3,0.0
04-21,일,구름 조금,19874,12.6,0.0
04-22,월,맑음,4445,13.8,0.0
04-23,화,흐림,3905,14.3,0.0
04-24,수,구름 많음,3475,14.8,0.0
04-25,목,비,6869,19.3,20.0
04-26,금,구름 많음,3550,20.4,0.0
04-27,토,구름 조금,23777,19.5,0.0
04-28,일,구름 많음,17964,13.2,0.0
04-29,월,흐림,3283,8.4,0.0
04-30,화,맑음,6833,11.6,0.0
05-01,수,구름 조금,26327,12.9,0.0
05-02,목,맑음,6977,13.0,0.0
05-03,금,맑음,9589,15.5,0.0
05-04,토,구름 조금,17366,13.70737018425461,1.25
05-05,일,구름 조금,43255,16.4,1.25
05-06,월,맑음,31870,17.1,0.0
05-07,화,맑음,4534,17.9,0.0
05-08,수,구름 많음,3574,19.5,0.0
05-09,목,구름 조금,5572,19.2,1.25
05-10,금,구름 조금,7701,14.5,0.0
05-11,토,맑음,17093,15.0,0.0
05-12,일,맑음,17370,15.6,0.0
05-13,월,맑음,3194,16.6,0.0
05-14,화,맑음,6529,17.8,0.0
05-15,수,구름 조금,6094,20.3,1.25
05-16,목,맑음,5200,21.6,0.0
05-17,금,구름 많음,8945,18.7,0.0
05-18,토,맑음,16276,19.6,0.0
05-19,일,맑음,2666,20.7,0.0
05-20,월,맑음,3766,23.5,0.0
05-21,화,맑음,7521,23.6,0.0
05-22,수,구름 조금,6119,22.8,0.0
05-23,목,비,6060,19.4,22.0
05-24,금,흐림,7253,16.4,8.7
05-25,토,맑음,23240,17.2,0.0
05-26,일,맑음,25575,19.5,0.0
05-27,월,흐림,1162,22.1,6.5
05-28,화,맑음,9372,24.2,0.0
05-29,수,맑음,8026,23.4,0.0
05-30,목,구름 많음,19350,24.5,0.0
05-31,금,구름 조금,8759,17.8,0.0
06-01,토,구름 많음,26364,18.1,0.0
06-02,일,맑음,25449,20.3,0.0
06-03,월,맑음,6056,19.6,0.0
06-04,화,맑음,6528,19.1,0.0
06-05,수,맑음,6975,18.9,0.0
06-06,목,맑음,21962,21.1,0.0
06-07,금,흐림,2612,23.1,6.5
06-08,토,맑음,27175,22.6,0.0
06-09,일,비,15525,23.0,20.0
06-10,월,흐림,3073,21.2,0.0
06-11,화,구름 많음,4733,20.0,0.0
06-12,수,맑음,4792,21.9,0.0
06-13,목,맑음,3361,21.6,0.0
06-14,금,구름 많음,3441,18.4,0.0
06-15,토,비,12924,20.5,20.0
06-16,일,맑음,14680,21.5,0.0
06-17,월,맑음,3147,23.0,0.0
06-18,화,비,2085,23.0,20.0
06-19,수,구름 조금,2212,21.9,2.1
06-20,목,맑음,3271,22.0,0.0
06-21,금,구름 조금,2457,21.7,0.0
06-22,토,흐림,12601,20.8,13.8
06-23,일,맑음,11289,21.4,0.0
06-24,월,맑음,2921,22.7,0.0
06-25,화,맑음,2038,22.1,0.0
06-26,수,구름 많음,1954,24.2,0.0
06-27,목,구름 많음,1587,25.0,0.0
06-28,금,소나기,17126,25.2,0.0
06-29,토,흐림,4743,25.6,6.5
06-30,일,구름 조금,9422,25.5,0.0
07-01,월,구름 조금,2026,25.5,1.4
07-02,화,구름 조금,2076,24.7,0.0
07-03,수,구름 조금,1546,23.1,1.5
07-04,목,맑음,1671,23.9,0.0
07-05,금,맑음,1344,13.70737018425461,0.0
07-06,토,맑음,3647,23.9,0.0
07-07,일,맑음,4107,24.4,0.0
07-08,월,구름 많음,1440,24.1,0.0
07-09,화,맑음,1778,25.4,0.0
07-10,수,구름 조금,1412,27.6,0.0
07-11,목,맑음,1100,29.7,0.0
07-12,금,맑음,2070,26.7,0.0
07-13,토,흐림,7214,25.1,6.5
07-14,일,소나기,6264,25.0,0.0
07-15,월,소나기,1060,22.7,0.0
07-16,화,구름 많음,1684,21.9,2.9
07-17,수,맑음,1339,23.6,0.0
07-18,목,구름 조금,2643,24.9,0.0
07-19,금,맑음,1355,25.9,0.0
07-20,토,비,2468,23.8,0.0
07-21,일,흐림,2912,24.7,0.0
07-22,월,구름 많음,1429,25.6,0.0
07-23,화,소나기,1370,26.9,0.0
07-24,수,비,765,28.6,0.0
07-25,목,흐림,630,28.0,0.0
07-26,금,비,12704,25.1,0.0
07-27,토,흐림,2834,26.7,0.0
07-28,일,비,1144,28.1,20.0
07-29,월,구름 많음,2921,26.5,0.0
07-30,화,소나기,2230,26.3,0.0
07-31,수,비,724,25.1,0.0
08-01,목,구름 조금,3038,28.4,0.6
08-02,금,비,2886,26.1,25.6
08-03,토,구름 조금,2685,27.5,0.5
08-04,일,구름 조금,2468,28.1,1.2
08-05,월,구름 많음,1053,25.8,0.0
08-06,화,구름 많음,7204,26.3,0.0
08-07,수,맑음,1197,28.4,0.0
08-08,목,소나기,1250,29.4,0.0
08-09,금,맑음,886,28.3,0.0
08-10,토,맑음,1785,30.5,0.0
08-11,일,맑음,2657,31.6,0.0
08-12,월,흐림,428,26.9,8.0
08-13,화,구름 조금,1185,28.9,0.0
08-14,수,맑음,872,29.8,0.0
08-15,목,비,1120,31.5,20.0
08-16,금,구름 많음,3587,30.4,0.0
08-17,토,구름 많음,5430,26.6,0.0
08-18,일,맑음,7670,29.2,0.0
08-19,월,맑음,1854,30.4,0.0
08-20,화,흐림,1430,25.9,16.2
08-21,수,구름 조금,1328,25.9,0.1
08-22,목,구름 조금,1190,25.9,0.0
08-23,금,맑음,1863,25.6,0.0
08-24,토,구름 많음,10784,26.3,0.0
08-25,일,맑음,11007,28.2,0.0
08-26,월,맑음,1821,27.0,0.0
08-27,화,구름 많음,1711,26.9,0.0
08-28,수,구름 많음,1679,26.2,0.0
08-29,목,비,5198,24.1,20.0
08-30,금,소나기,2304,25.0,0.0
08-31,토,맑음,15428,26.4,0.0
09-01,일,구름 많음,14422,25.7,0.0
09-02,월,흐림,1994,26.1,6.5
09-03,화,비,1790,23.4,0.0
09-04,수,비,460,22.6,0.0
09-05,목,비,764,23.5,20.0
09-06,금,구름 많음,998,23.7,0.0
09-08,일,맑음,6033,24.4,0.0
09-09,월,구름 조금,925,24.1,0.0
09-10,화,비,987,22.8,22.7
09-11,수,흐림,1770,23.0,0.0
09-12,목,비,5460,25.3,0.0
09-13,금,맑음,19822,25.7,0.0
09-14,토,비,16120,24.7,0.0
09-15,일,구름 많음,14186,25.1,0.0
09-16,월,맑음,3182,23.8,0.0
09-17,화,맑음,2611,24.3,0.0
09-18,수,맑음,3172,21.0,0.0
09-19,목,맑음,3431,23.3,0.0
09-20,금,흐림,4563,22.4,0.0
09-21,토,맑음,10127,24.2,0.0
09-22,일,맑음,1126,24.5,0.0
09-23,월,맑음,2999,23.5,0.0
09-24,화,맑음,4136,21.0,0.0
09-25,수,구름 많음,3948,19.5,0.0
09-26,목,맑음,11123,19.6,0.0
09-27,금,구름 많음,4624,19.6,0.0
09-28,토,구름 많음,22637,18.6,0.0
09-29,일,맑음,18965,20.0,0.0
09-30,월,맑음,4098,19.8,0.0
10-01,화,구름 많음,3496,20.9,0.0
10-02,수,비,2251,22.9,20.0
10-03,목,구름 많음,15337,22.9,0.0
10-04,금,맑음,11882,23.7,0.0
10-05,토,비,16368,22.6,20.0
10-06,일,구름 많음,19596,22.4,0.0
10-07,월,비,453,13.70737018425461,20.0
10-08,화,맑음,6765,23.1,0.0
10-09,수,맑음,25533,21.6,0.0
10-10,목,흐림,4152,22.4,0.0
10-11,금,맑음,6444,22.4,0.0
10-12,토,구름 조금,18065,18.7,0.6
10-13,일,맑음,18452,18.1,0.0
10-14,월,비,3421,14.8,25.4
10-15,화,맑음,4828,14.7,0.0
10-16,수,맑음,4625,13.6,0.0
10-17,목,맑음,7092,15.2,0.0
10-18,금,맑음,8745,18.8,0.0
10-19,토,맑음,19166,17.9,0.0
10-20,일,맑음,16154,17.2,0.0
10-21,월,맑음,4135,14.4,0.0
10-22,화,구름 많음,4520,14.5,0.0
10-23,수,구름 많음,5540,14.6,0.0
10-24,목,구름 많음,4341,15.4,0.0
10-25,금,맑음,8133,17.0,0.0
10-26,토,구름 많음,17609,17.0,0.0
10-27,일,구름 많음,16692,16.5,0.0
10-28,월,맑음,3318,17.1,0.0
10-29,화,맑음,3791,18.1,0.0
10-30,수,맑음,12945,17.0,0.0
10-31,목,맑음,4014,18.3,0.0
11-01,금,맑음,3458,16.7,0.0
11-02,토,구름 많음,14026,10.0,0.0
11-03,일,구름 많음,11948,11.0,0.0
11-04,월,맑음,3977,12.9,0.0
11-05,화,구름 조금,3444,12.5,0.1
11-06,수,맑음,3086,11.2,0.0
11-07,목,맑음,3573,14.8,0.0
11-08,금,맑음,4592,14.9,0.0
11-09,토,맑음,12385,13.6,0.0
11-10,일,흐림,9306,14.7,6.5
11-11,월,맑음,2244,13.8,0.0
11-12,화,맑음,2867,12.4,0.0
11-13,수,맑음,1080,11.0,0.0
11-14,목,맑음,3890,9.2,0.0
11-15,금,맑음,618,6.8,0.0
11-16,토,맑음,6239,9.5,0.0
11-17,일,흐림,1062,10.0,11.8
11-18,월,구름 조금,893,11.2,1.1
11-19,화,맑음,2984,9.3,0.0
11-20,수,흐림,1030,7.2,7.5
11-21,목,맑음,1160,1.3,0.0
11-22,금,흐림,1700,5.6,18.8
11-23,토,구름 많음,7841,6.8,0.0
11-24,일,비,3749,8.3,21.1
11-25,월,흐림,922,4.6,14.7
11-26,화,구름 조금,1377,0.2,0.0
11-27,수,맑음,1223,0.5,0.0
11-28,목,구름 많음,1041,4.2,0.0
11-29,금,맑음,18132,9.7,0.0
11-30,토,구름 많음,3727,12.1,0.0
12-01,일,비,836,9.8,0.0
12-02,월,맑음,813,1.9,0.0
12-03,화,맑음,696,6.6,0.0
12-04,수,맑음,790,3.1,0.0
12-05,목,맑음,705,3.5,0.0
12-06,금,맑음,407,1.5,0.0
12-07,토,맑음,1326,4.1,0.0
12-08,일,맑음,2122,13.70737018425461,0.0
12-09,월,구름 많음,621,4.6,3.3
12-10,화,맑음,708,-0.1,0.0
12-11,수,맑음,645,0.5,0.0
12-12,목,구름 조금,1153,2.0,0.0
12-13,금,맑음,749,-4.4,0.0
12-14,토,맑음,2182,-5.9,0.0
12-15,일,구름 조금,3487,-2.4,0.1
12-16,월,맑음,1084,-0.9,0.0
12-17,화,구름 조금,473,3.2,0.0
12-18,수,구름 조금,1578,8.1,1.7
12-19,목,구름 조금,779,6.3,0.2
12-20,금,맑음,725,-0.7,0.0
12-21,토,구름 조금,1661,2.1,1.0
12-22,일,흐림,1967,2.7,0.0
12-23,월,구름 많음,699,5.3,0.0
12-24,화,맑음,959,7.8,0.0
12-25,수,흐림,2858,7.7,0.0
12-26,목,흐림,548,0.8,6.5
12-27,금,맑음,1302,-0.8,0.0
12-28,토,흐림,2110,-1.1,0.0
12-29,일,구름 조금,6913,-1.2,0.6
12-30,월,구름 조금,863,4.1,0.3
12-31,화,구름 많음,548,3.4,2.9
01-01,수,흐림,1239,-2.2,0.0
01-02,목,맑음,866,1.0,0.0
01-03,금,맑음,812,-0.1,0.0
01-04,토,맑음,2059,1.2,0.0
01-05,일,맑음,2721,1.3,0.0
01-06,월,비,466,3.1,0.0
01-07,화,비,281,6.3,0.0
01-08,수,흐림,622,2.4,0.0
01-09,목,맑음,1282,-1.2,0.0
01-10,금,맑음,786,-0.6,0.0
01-11,토,맑음,1961,-0.1,0.0
01-12,일,구름 많음,2180,-1.0,0.0
01-13,월,맑음,732,-2.9,0.0
01-14,화,구름 많음,895,-2.3,0.0
01-15,수,맑음,857,-2.7,0.0
01-16,목,구름 많음,762,-1.7,0.0
01-17,금,맑음,674,-0.6,0.0
01-18,토,맑음,2425,0.3,0.0
01-19,일,맑음,1539,1.9,0.0
01-20,월,맑음,761,0.7,0.0
01-21,화,맑음,763,-0.4,0.0
01-22,수,구름 많음,780,3.0,0.0
01-23,목,맑음,809,4.6,0.0
01-24,금,맑음,2041,2.8,0.0
01-25,토,맑음,3800,4.3,0.0
01-26,일,맑음,4597,5.5,0.0
01-27,월,흐림,2236,5.9,0.0
01-28,화,흐림,925,6.8,0.0
01-29,수,흐림,757,6.0,6.5
01-30,목,구름 많음,2013,5.2,0.0
01-31,금,구름 많음,628,3.9,0.0
02-01,토,구름 많음,1251,2.6,0.0
02-02,일,구름 많음,1142,1.5,0.0
02-03,월,맑음,521,-0.4,0.0
02-04,화,흐림,480,-1.6,0.0
02-05,수,맑음,301,-8.3,0.0
02-06,목,맑음,343,-6.4,0.0
02-07,금,흐림,415,-1.7,0.0
02-08,토,맑음,1313,-0.1,0.0
02-09,일,맑음,1484,-0.5,0.0
02-10,월,맑음,760,4.0,0.0
02-11,화,맑음,987,6.8,0.0
02-12,수,비,278,7.4,0.0
02-13,목,흐림,721,6.5,6.5
02-14,금,맑음,1049,8.1,0.0
02-15,토,흐림,3226,9.8,0.0
02-16,일,눈,665,-1.4,0.0
02-17,월,눈,378,-5.9,0.0
02-18,화,맑음,630,-4.1,0.0
02-19,수,맑음,822,1.0,0.0
02-20,목,맑음,882,4.6,0.0
02-21,금,흐림,565,6.7,0.0
02-22,토,맑음,791,4.0,0.0
02-23,일,맑음,1714,2.5,0.0
02-24,월,구름 많음,519,7.0,0.0
02-25,화,비,77,6.7,0.0
02-26,수,흐림,1275,6.4,0.0
02-27,목,맑음,687,6.1,0.0
02-28,금,비,1210,4.5,0.0
02-29,토,맑음,1384,7.7,0.0
03-01,일,흐림,1062,13.70737018425461,6.5
03-02,월,맑음,566,13.70737018425461,0.0
03-03,화,맑음,569,5.8,0.0
03-04,수,비/눈,372,3.4,0.0
03-05,목,맑음,585,4.8,0.0
03-06,금,맑음,793,2.2,0.0
03-07,토,구름 많음,2138,1.4,0.0
03-08,일,맑음,4584,3.7,0.0
03-09,월,흐림,920,7.0,6.5
03-10,화,비,134,9.3,20.0
03-11,수,맑음,1117,11.1,0.0
03-12,목,맑음,1212,6.4,0.0
03-13,금,맑음,907,3.8,0.0
03-14,토,구름 많음,3569,6.8,0.0
03-15,일,흐림,2683,4.9,0.0
03-16,월,맑음,869,3.6,0.0
03-17,화,구름 많음,596,4.0,0.0
03-18,수,맑음,1808,3.6,0.0
03-19,목,맑음,178,6.6,0.0
03-20,금,구름 많음,1569,10.0,0.0
03-21,토,구름 많음,5907,9.1,0.0
03-22,일,맑음,7744,8.8,0.0
03-23,월,맑음,1814,12.8,0.0
03-24,화,맑음,1988,11.0,0.0
03-25,수,맑음,1998,10.6,0.0
03-26,목,흐림,1218,11.4,6.5
03-27,금,맑음,1462,12.5,0.0
03-28,토,맑음,6187,14.8,0.0
03-29,일,맑음,8822,11.9,0.0
03-30,월,맑음,2259,7.7,0.0
03-31,화,맑음,2794,8.7,0.0
04-01,수,맑음,2319,10.2,0.0
04-02,목,구름 많음,3075,11.9,0.0
04-03,금,맑음,3217,11.3,0.0
04-04,토,맑음,7813,9.3,0.0
04-05,일,맑음,7693,10.0,0.0
04-06,월,맑음,2561,8.9,0.0
04-07,화,맑음,2433,7.2,0.0
04-08,수,맑음,2634,9.3,0.0
04-09,목,구름 많음,2197,10.6,0.0
04-10,금,구름 많음,2567,9.4,0.0
04-11,토,맑음,6481,8.9,0.0
04-12,일,구름 많음,5717,10.7,0.0
04-13,월,맑음,2404,9.9,0.0
04-14,화,맑음,3468,9.9,0.0
04-15,수,맑음,7392,12.4,0.0
04-16,목,맑음,2648,13.0,0.0
04-17,금,비,222,13.2,20.0
04-18,토,맑음,10325,16.0,0.0
04-19,일,흐림,2892,12.5,0.0
04-20,월,비,719,13.5,20.0
04-21,화,구름 많음,1039,12.3,0.0
04-22,수,흐림,499,10.0,0.0
04-23,목,구름 많음,3011,7.4,0.0
04-24,금,맑음,1572,6.0,0.0
04-25,토,구름 많음,7857,7.9,0.0
04-26,일,구름 많음,12018,9.9,0.0
04-27,월,구름 많음,2268,13.1,0.0
04-28,화,맑음,2980,12.3,0.0
04-29,수,구름 많음,4256,12.9,0.0
04-30,목,맑음,16598,13.9,0.0
05-01,금,맑음,15733,14.9,0.0
05-02,토,흐림,13597,17.1,6.5
05-03,일,흐림,10559,13.70737018425461,6.5
05-04,월,구름 많음,10000,20.2,0.0
05-05,화,비,25907,20.3,0.0
05-06,수,맑음,3458,21.8,0.0
05-07,목,구름 많음,3846,20.2,0.0
05-08,금,구름 많음,2263,16.0,0.0
05-09,토,비,521,19.4,20.0
05-10,일,구름 많음,6871,20.7,0.0
05-11,월,구름 많음,1814,19.9,0.0
05-12,화,맑음,1787,14.2,0.0
05-13,수,맑음,2644,14.4,0.0
05-14,목,구름 많음,2399,16.5,0.0
05-15,금,비,222,14.3,0.0
05-16,토,흐림,4834,16.1,6.5
05-17,일,구름 많음,8875,19.3,0.0
05-18,월,비,933,16.1,0.0
05-19,화,비,608,16.7,0.0
05-20,수,구름 많음,2859,19.1,0.0
05-21,목,맑음,3040,19.1,0.0
05-22,금,구름 많음,2567,13.0,0.0
05-23,토,구름 많음,12038,14.4,0.0
05-24,일,구름 많음,5990,17.4,0.0
05-25,월,구름 많음,2649,18.5,0.0
05-26,화,구름 많음,2091,20.1,0.0
05-27,수,맑음,7943,17.1,0.0
05-28,목,구름 많음,2829,16.6,0.0
05-29,금,맑음,2511,16.2,0.0
05-30,토,구름 많음,8157,17.4,0.0
05-31,일,구름 많음,7746,18.7,0.0
06-01,월,맑음,2419,20.7,0.0
06-02,화,비,758,22.6,20.0
06-03,수,맑음,1887,21.2,0.0
06-04,목,맑음,1942,19.7,0.0
06-05,금,맑음,2268,17.9,0.0
06-06,토,맑음,9246,22.0,0.0
06-07,일,맑음,8306,21.9,0.0
06-08,월,맑음,1799,23.0,0.0
06-09,화,맑음,1584,24.6,0.0
06-10,수,구름 많음,1546,22.7,0.0
06-11,목,맑음,1565,25.0,0.0
06-12,금,흐림,1819,26.7,6.5
06-13,토,구름 많음,4621,25.8,0.0
06-14,일,맑음,6533,26.1,0.0
06-15,월,맑음,1793,24.7,0.0
06-16,화,맑음,1702,26.9,0.0
06-17,수,구름 많음,1693,24.0,0.0
06-18,목,구름 많음,3264,23.0,0.0
06-19,금,구름 많음,1826,24.4,0.0
06-20,토,맑음,6019,24.3,0.0
06-21,일,맑음,5512,23.4,0.0
06-22,월,맑음,975,24.7,0.0
06-23,화,구름 많음,1341,24.9,0.0
06-24,수,비,259,26.1,20.0
06-25,목,맑음,767,28.6,0.0
06-26,금,흐림,9415,27.3,0.0
06-27,토,맑음,6844,22.3,0.0
06-28,일,맑음,6639,21.6,0.0
06-29,월,흐림,1703,21.8,0.0
06-30,화,비,658,24.1,0.0
07-01,수,구름 많음,1726,25.2,0.0
07-02,목,흐림,1617,23.8,0.0
07-03,금,구름 많음,1699,20.1,0.0
07-04,토,맑음,7165,13.70737018425461,0.0
07-05,일,구름 많음,7115,21.1,0.0
07-06,월,구름 많음,1361,24.2,0.0
07-07,화,구름 많음,1566,25.5,0.0
07-08,수,맑음,1283,24.2,0.0
07-09,목,맑음,1276,23.8,0.0
07-10,금,비,1563,25.6,20.0
07-11,토,흐림,6522,24.1,0.0
07-12,일,구름 많음,6632,25.5,0.0
07-13,월,비,166,27.5,20.0
07-14,화,흐림,1600,24.5,0.0
07-15,수,맑음,1945,25.8,0.0
07-16,목,구름 많음,1505,23.5,0.0
07-17,금,소나기,1382,18.7,0.0
07-18,토,구름 많음,6974,20.3,0.0
07-19,일,비,1990,23.4,20.0
07-20,월,흐림,777,25.0,6.5
07-21,화,구름 많음,1683,26.0,0.0
07-22,수,비,625,26.1,20.0
07-23,목,비,341,24.0,0.0
07-24,금,흐림,773,23.8,0.0
07-25,토,흐림,8869,25.0,0.0
07-26,일,구름 많음,8223,23.7,0.0
07-27,월,비,887,21.1,0.0
07-28,화,흐림,1343,22.5,0.0
07-29,수,비,4484,24.3,0.0
07-30,목,흐림,1977,25.4,0.0
07-31,금,소나기,2922,24.3,0.0
08-01,토,비,1751,24.4,0.0
08-02,일,비,744,23.7,50.1
08-03,월,비,324,25.3,0.0
08-04,화,비,1248,26.2,0.0
08-05,수,비,707,25.3,0.0
08-06,목,비,858,24.9,0.0
08-07,금,흐림,2138,25.0,0.0
08-08,토,비,2916,27.0,0.0
08-09,일,비,250,26.5,0.0
08-10,월,비,775,24.1,0.0
08-11,화,비,688,24.3,0.0
08-12,수,흐림,2017,24.2,0.0
08-13,목,흐림,1547,24.9,0.0
08-14,금,비,953,26.5,0.0
08-15,토,비,1162,24.6,0.0
08-16,일,흐림,6705,27.2,6.5
08-17,월,구름 많음,3880,28.0,0.0
08-18,화,맑음,801,27.1,0.0
08-19,수,맑음,1599,26.1,0.0
08-20,목,맑음,556,27.4,0.0
08-21,금,비,507,28.2,20.0
08-22,토,소나기,976,27.5,0.0
08-23,일,맑음,1923,27.1,0.0
08-24,월,구름 많음,571,27.7,0.0
08-25,화,구름 많음,504,26.6,0.0
08-26,수,구름 많음,445,24.3,0.0
08-27,목,흐림,323,25.3,6.5
08-28,금,소나기,439,27.8,0.0
08-29,토,소나기,756,29.9,0.0
08-30,일,흐림,1491,30.2,0.0
08-31,월,흐림,757,27.1,0.0
09-01,화,흐림,910,27.3,0.0
09-02,수,비,265,26.8,0.0
09-03,목,비,4967,26.8,42.5
09-04,금,구름 조금,1984,26.4,0.0
09-05,토,구름 조금,4480,26.6,0.0
09-06,일,비,3416,24.3,33.3
09-07,월,비,76,22.7,29.8
09-08,화,맑음,2201,23.3,0.0
09-09,수,맑음,1003,23.3,0.0
09-10,목,구름 많음,2243,21.7,6.4
09-11,금,비,1557,19.2,61.0
09-12,토,구름 조금,2947,23.4,0.0
09-13,일,구름 조금,12859,21.1,1.3
09-14,월,구름 많음,2085,22.8,3.9
09-15,화,구름 조금,2066,22.4,1.2
09-16,수,구름 많음,820,20.2,5.7
09-17,목,맑음,1990,21.5,0.0
09-18,금,구름 조금,3086,21.3,0.0
09-19,토,맑음,12178,23.0,0.0
09-20,일,구름 조금,13140,22.5,0.3
09-21,월,맑음,2247,21.3,0.0
09-22,화,맑음,2214,21.5,0.0
09-23,수,구름 조금,2052,21.2,0.3
09-24,목,맑음,2298,19.7,0.0
09-25,금,맑음,2335,19.1,0.0
09-26,토,맑음,13447,20.2,0.0
09-27,일,맑음,16860,19.2,0.0
09-28,월,맑음,2594,20.6,0.0
09-29,화,맑음,2608,20.1,0.0
09-30,수,맑음,8986,19.3,0.0
10-01,목,맑음,12365,20.4,0.0
10-02,금,맑음,14323,20.7,0.0
10-03,토,맑음,17995,19.6,0.0
10-04,일,비,12932,19.6,38.3
10-05,월,맑음,2634,13.70737018425461,0.0
10-06,화,맑음,2407,18.8,0.0
10-07,수,구름 조금,2600,19.2,0.0
10-08,목,구름 조금,3057,19.9,0.0
10-09,금,구름 조금,20177,16.6,0.0
10-10,토,맑음,16405,13.3,0.0
10-11,일,맑음,16264,14.2,0.0
10-12,월,맑음,2757,16.0,0.0
10-13,화,맑음,2857,17.2,0.0
10-14,수,맑음,2933,17.2,0.0
10-15,목,맑음,4093,16.9,0.0
10-16,금,맑음,2772,16.9,0.0
10-17,토,맑음,16441,16.2,0.0
10-18,일,맑음,19461,13.6,0.0
10-19,월,맑음,3141,12.8,0.0
10-20,화,맑음,3559,11.7,0.0
10-21,수,맑음,3093,11.8,0.0
10-22,목,맑음,2704,13.1,0.0
10-23,금,맑음,4009,13.6,0.0
10-24,토,맑음,16500,15.1,0.0
10-25,일,맑음,19042,15.2,0.0
10-26,월,맑음,4035,14.1,0.0
10-27,화,구름 조금,3842,13.5,0.0
10-28,수,맑음,11655,8.6,0.0
10-29,목,맑음,4267,8.7,0.0
10-30,금,맑음,4856,11.8,0.0
10-31,토,맑음,20185,12.9,0.0
11-01,일,맑음,2763,14.0,0.0
11-02,월,맑음,3832,13.8,0.0
11-03,화,맑음,2520,10.8,0.0
11-04,수,맑음,2146,11.9,0.0
11-05,목,맑음,3091,13.6,0.0
11-06,금,흐림,2812,13.7,13.6
11-07,토,구름 조금,12821,10.8,1.7
11-08,일,구름 조금,14694,5.1,0.5
11-09,월,맑음,1919,4.9,0.0
11-10,화,맑음,2248,9.6,0.0
11-11,수,맑음,2747,13.5,0.0
11-12,목,구름 조금,2673,14.6,0.1
11-13,금,맑음,3375,8.5,0.0
11-14,토,맑음,9802,5.5,0.0
11-15,일,맑음,9447,7.7,0.0
11-16,월,맑음,1811,9.3,0.0
11-17,화,맑음,1685,10.4,0.0
11-18,수,맑음,809,12.2,0.0
11-19,목,맑음,256,12.5,0.0
11-20,금,맑음,976,11.1,0.0
11-21,토,맑음,4101,12.4,0.0
11-22,일,구름 조금,2557,15.9,0.1
11-23,월,흐림,762,16.6,12.2
11-24,화,비,819,13.6,86.9
11-25,수,구름 조금,911,2.8,0.0
11-26,목,구름 조금,10031,6.5,0.2
11-27,금,구름 많음,784,5.6,4.8
11-28,토,맑음,1651,1.7,0.0
11-29,일,맑음,9912,2.9,0.0
11-30,월,맑음,576,4.6,0.0
12-01,화,맑음,727,5.6,0.0
12-02,수,구름 조금,628,4.1,0.0
12-03,목,맑음,614,-0.1,0.0
12-04,금,맑음,678,-0.6,0.0
12-05,토,맑음,1701,-0.2,0.0
12-06,일,맑음,2385,13.70737018425461,0.0
12-07,월,맑음,928,1.1,0.0
12-08,화,맑음,591,2.4,0.0
12-09,수,맑음,615,0.7,0.0
12-10,목,맑음,683,-0.6,0.0
12-11,금,맑음,7810,2.1,0.0
12-12,토,맑음,1641,4.5,0.0
12-13,일,맑음,644,3.4,0.0
12-14,월,맑음,217,-0.5,0.0
12-15,화,맑음,101,1.5,0.0
12-16,수,구름 조금,114,5.8,0.0
12-17,목,맑음,133,5.3,0.0
12-18,금,맑음,230,2.3,0.0
12-19,토,구름 많음,380,-1.1,2.9
12-20,일,맑음,696,-7.7,0.0
12-21,월,맑음,231,-8.3,0.0
12-22,화,맑음,282,-8.3,0.0
12-23,수,구름 조금,288,-4.9,0.0
12-24,목,구름 조금,347,-2.1,0.2
12-25,금,맑음,1058,-5.1,0.0
12-26,토,맑음,1356,-3.7,0.0
12-27,일,맑음,1876,-1.0,0.0
12-28,월,맑음,802,2.0,0.0
12-29,화,구름 조금,244,4.5,0.0
12-30,수,맑음,72,2.6,0.0
12-31,목,맑음,139,-0.8,0.0
01-01,금,맑음,633,-4.2,0.0
01-02,토,맑음,928,-5.0,0.0
01-03,일,맑음,625,-5.6,0.0
01-04,월,구름 조금,199,-3.5,0.0
01-05,화,구름 조금,162,-5.5,0.0
01-06,수,구름 조금,265,-7.4,2.3
01-07,목,맑음,74,-14.5,0.0
01-08,금,맑음,63,-14.9,0.0
01-09,토,맑음,165,-12.2,0.0
01-10,일,맑음,527,-7.7,0.0
01-11,월,맑음,103,-6.7,0.0
01-12,화,구름 많음,176,-3.9,2.6
01-13,수,구름 조금,851,2.0,0.0
01-14,목,맑음,446,1.7,0.0
01-15,금,구름 조금,283,4.5,0.2
01-16,토,맑음,1147,-4.9,0.0
01-17,일,구름 조금,771,-5.5,0.0
01-18,월,구름 조금,87,-3.8,0.3
01-19,화,맑음,158,-6.3,0.0
01-20,수,맑음,398,-0.1,0.0
01-21,목,흐림,200,4.5,9.2
01-22,금,구름 조금,343,5.5,0.1
01-23,토,맑음,4556,7.6,0.0
01-24,일,맑음,8227,7.3,0.0
01-25,월,맑음,1132,7.9,0.0
01-26,화,구름 조금,218,5.3,1.7
01-27,수,맑음,745,1.7,0.0
01-28,목,구름 조금,119,-2.6,2.0
01-29,금,맑음,107,-8.8,0.0
01-30,토,구름 조금,1503,-1.6,0.5
01-31,일,맑음,4007,3.2,0.0
02-01,월,구름 조금,515,5.0,0.7
02-02,화,구름 조금,192,-5.6,0.0
02-03,수,구름 많음,208,-3.2,3.4
02-04,목,구름 조금,244,-3.6,0.1
02-05,금,맑음,361,1.4,0.0
02-06,토,맑음,3512,6.8,0.0
02-07,일,맑음,2477,3.6,0.0
02-08,월,맑음,246,-3.1,0.0
02-09,화,맑음,371,-0.9,0.0
02-10,수,맑음,682,3.4,0.0
02-11,목,맑음,3950,5.5,0.0
02-12,금,맑음,5530,6.5,0.0
02-13,토,맑음,7588,7.6,0.0
02-14,일,구름 조금,4395,9.5,0.0
02-15,월,구름 조금,456,1.2,1.4
02-16,화,구름 조금,101,-5.1,1.5
02-17,수,구름 조금,116,-8.3,0.0
02-18,목,맑음,165,-5.8,0.0
02-19,금,맑음,1643,1.6,0.0
02-20,토,맑음,6203,8.8,0.0
02-21,일,맑음,11897,10.8,0.0
02-22,월,맑음,1585,7.8,0.0
02-23,화,맑음,734,0.0,0.0
02-24,수,맑음,1212,2.9,0.0
02-25,목,맑음,1167,4.2,0.0
02-26,금,맑음,2913,8.2,0.0
02-27,토,맑음,11624,9.5,0.0
02-28,일,맑음,15378,7.8,0.0
03-01,월,맑음,113,13.70737018425461,0.0
03-02,화,맑음,641,13.70737018425461,0.0
03-03,수,맑음,836,13.70737018425461,0.0
03-04,목,비,616,4.7,67.5
03-05,금,구름 조금,1373,2.3,0.1
03-06,토,맑음,10282,4.4,0.0
03-07,일,맑음,11425,7.2,0.0
03-08,월,맑음,1149,9.0,0.0
03-09,화,맑음,1034,6.6,0.0
03-10,수,맑음,1260,6.2,0.0
03-11,목,맑음,2395,7.0,0.0
03-12,금,맑음,347,6.6,0.0
03-13,토,맑음,10069,8.8,0.0
03-14,일,맑음,8828,10.2,0.0
03-15,월,구름 조금,916,10.5,0.0
03-16,화,맑음,706,9.2,0.0
03-17,수,맑음,1078,9.1,0.0
03-18,목,구름 조금,1242,10.6,1.7
03-19,금,구름 조금,1687,8.4,1.3
03-20,토,맑음,801,8.8,0.0
03-21,일,맑음,10370,11.7,0.0
03-22,월,맑음,1088,15.3,0.0
03-23,화,구름 많음,1086,9.9,5.1
03-24,수,구름 조금,1101,5.8,0.3
03-25,목,맑음,1628,6.2,0.0
03-26,금,맑음,1453,9.1,0.0
03-27,토,맑음,1291,10.8,0.0
03-28,일,맑음,2007,11.9,0.0
03-29,월,맑음,802,12.6,0.0
03-30,화,비,1616,12.1,25.5
03-31,수,흐림,3512,9.0,9.2
04-01,목,구름 조금,4433,10.2,0.2
04-02,금,맑음,5286,10.8,0.0
04-03,토,맑음,491,14.5,0.0
04-04,일,맑음,15169,17.7,0.0
04-05,월,구름 조금,4368,17.8,0.0
04-06,화,비,3724,14.9,56.2
04-07,수,구름 조금,4132,11.9,0.6
04-08,목,맑음,3214,11.9,0.0
04-09,금,맑음,5688,13.9,0.0
04-10,토,맑음,21369,14.1,0.0
04-11,일,맑음,20591,13.0,0.0
04-12,월,맑음,319,13.6,0.0
04-13,화,맑음,1458,12.6,0.0
04-14,수,맑음,2003,15.0,0.0
04-15,목,비,2301,13.8,22.0
04-16,금,흐림,585,10.4,8.0
04-17,토,맑음,5544,8.4,0.0
04-18,일,맑음,23276,11.6,0.0
04-19,월,구름 조금,2765,11.3,0.7
04-20,화,구름 조금,2360,9.6,0.0
04-21,수,맑음,2341,9.9,0.0
04-22,목,맑음,1817,12.2,0.0
04-23,금,맑음,2214,14.8,0.0
04-24,토,맑음,15031,19.1,0.0
04-25,일,맑음,17717,20.9,0.0
04-26,월,구름 조금,2483,19.0,0.0
04-27,화,구름 조금,1771,18.3,0.0
04-28,수,맑음,1459,18.2,0.0
04-29,목,맑음,1594,16.2,0.0
04-30,금,구름 조금,1259,15.4,1.7
05-01,토,구름 많음,5173,14.5,4.7
05-02,일,구름 많음,17650,14.6,3.9
05-03,월,비,5302,11.3,26.3
05-04,화,맑음,536,13.70737018425461,0.0
05-05,수,흐림,46206,10.2,8.0
05-06,목,구름 조금,5036,12.4,1.7
05-07,금,맑음,1287,14.1,0.0
05-08,토,흐림,3533,13.8,19.6
05-09,일,구름 조금,12740,13.9,0.1
05-10,월,맑음,322,15.7,0.0
05-11,화,흐림,4631,14.4,8.8
05-12,수,맑음,2227,14.3,0.0
05-13,목,맑음,2823,15.7,0.0
05-14,금,구름 조금,3140,13.2,0.0
05-15,토,맑음,2672,18.5,0.0
05-16,일,맑음,426,22.0,0.0
05-17,월,맑음,542,22.9,0.0
05-18,화,맑음,3884,24.1,0.0
05-19,수,흐림,24671,22.1,15.0
05-20,목,비,1304,18.4,66.9
05-21,금,구름 많음,1711,15.3,3.1
05-22,토,맑음,19649,17.9,0.0
05-23,일,맑음,17161,19.9,0.0
05-24,월,구름 조금,3989,18.7,0.9
05-25,화,흐림,2173,16.0,6.9
05-26,수,구름 조금,4690,18.6,0.2
05-27,목,맑음,1004,19.5,0.0
05-28,금,맑음,1298,19.4,0.0
05-29,토,흐림,12491,15.3,8.3
05-30,일,구름 조금,30143,18.0,0.0
05-31,월,흐림,3012,15.8,8.9
06-01,화,흐림,3165,15.3,12.3
06-02,수,구름 조금,3384,15.4,0.3
06-03,목,흐림,701,18.4,18.1
06-04,금,구름 많음,4275,19.9,4.0
06-05,토,구름 많음,14463,20.2,3.2
06-06,일,맑음,13620,23.2,0.0
06-07,월,흐림,2734,19.1,18.1
06-08,화,맑음,3985,18.5,0.0
06-09,수,맑음,1902,20.8,0.0
06-10,목,맑음,1877,23.0,0.0
06-11,금,구름 조금,1625,21.1,0.0
06-12,토,구름 조금,8613,23.6,0.1
06-13,일,맑음,7449,25.8,0.0
06-14,월,구름 많음,1715,24.9,6.1
06-15,화,구름 많음,842,21.5,4.6
06-16,수,맑음,2153,24.2,0.0
06-17,목,맑음,1760,24.8,0.0
06-18,금,맑음,612,24.8,0.0
06-19,토,구름 조금,9749,22.5,1.9
06-20,일,맑음,8337,24.3,0.0
06-21,월,구름 조금,1609,21.9,0.0
06-22,화,구름 많음,1406,20.0,6.3
06-23,수,맑음,948,22.3,0.0
06-24,목,맑음,1303,22.9,0.0
06-25,금,맑음,1821,23.6,0.0
06-26,토,구름 조금,6151,22.8,0.0
06-27,일,흐림,23485,22.4,7.5
06-28,월,맑음,710,23.0,0.0
06-29,화,맑음,1089,24.1,0.0
06-30,수,구름 많음,663,22.8,4.5
07-01,목,비,894,24.5,38.2
07-02,금,구름 조금,1050,23.7,0.1
07-03,토,흐림,2370,23.9,8.0
07-04,일,구름 많음,1094,24.3,6.0
07-05,월,맑음,1459,13.70737018425461,0.0
07-06,화,맑음,1235,26.3,0.0
07-07,수,맑음,719,27.1,0.0
07-08,목,비,597,22.6,60.0
07-09,금,비,758,21.4,21.4
07-10,토,맑음,2216,23.3,0.0
07-11,일,맑음,1731,25.3,0.0
07-12,월,흐림,596,26.4,12.7
07-13,화,구름 많음,516,26.0,2.9
07-14,수,구름 조금,473,25.5,0.0
07-15,목,구름 조금,391,25.9,0.5
07-16,금,구름 조금,344,25.7,0.4
07-17,토,맑음,1315,28.1,0.0
07-18,일,맑음,1424,28.8,0.0
07-19,월,맑음,345,29.7,0.0
07-20,화,구름 조금,1987,29.1,0.0
07-21,수,맑음,277,28.8,0.0
07-22,목,구름 조금,264,29.1,0.0
07-23,금,맑음,238,29.6,0.0
07-24,토,비,578,26.4,67.4
07-25,일,구름 조금,9812,27.9,0.0
07-26,월,맑음,399,30.5,0.0
07-27,화,맑음,246,31.2,0.0
07-28,수,맑음,281,31.2,0.0
07-29,목,맑음,475,31.7,0.0
07-30,금,맑음,446,31.5,0.0
07-31,토,맑음,1157,31.2,0.0
08-01,일,맑음,1176,31.1,0.0
08-02,월,구름 조금,1191,30.4,0.0
08-03,화,맑음,1326,29.6,0.0
08-04,수,맑음,986,30.5,0.0
08-05,목,구름 많음,1495,29.8,3.0
08-06,금,비,757,27.1,21.0
08-07,토,구름 조금,2232,26.5,1.7
08-08,일,구름 조금,2267,28.0,0.0
08-09,월,맑음,816,28.9,0.0
08-10,화,맑음,608,29.4,0.0
08-11,수,맑음,682,28.1,0.0
08-12,목,맑음,779,28.0,0.0
08-13,금,흐림,1184,26.8,12.7
08-14,토,맑음,5347,28.3,0.0
08-15,일,맑음,7148,27.7,0.0
08-16,월,구름 조금,5792,27.4,0.0
08-17,화,구름 조금,1312,26.8,0.0
08-18,수,맑음,889,26.6,0.0
08-19,목,맑음,1721,26.1,0.0
08-20,금,맑음,1339,26.9,0.0
08-21,토,구름 조금,1164,27.3,0.0
08-22,일,흐림,8136,25.9,9.3
08-23,월,구름 많음,409,24.3,5.6
08-24,화,맑음,239,26.0,0.0
08-25,수,구름 조금,1696,26.6,0.0
08-26,목,비,1299,23.8,62.8
08-27,금,구름 조금,381,24.4,0.0
08-28,토,흐림,11137,22.4,7.4
08-29,일,흐림,9178,23.4,10.5
08-30,월,구름 조금,1723,25.0,0.3
08-31,화,구름 조금,242,25.5,0.7
09-01,수,구름 조금,631,22.4,0.9
09-02,목,맑음,1566,23.6,0.0
09-03,금,구름 조금,2412,23.7,0.9
09-04,토,구름 조금,15612,24.2,0.0
09-05,일,비,15370,20.5,77.4
09-06,월,구름 조금,1595,21.4,0.8
09-07,화,맑음,137,23.5,0.0
09-08,수,맑음,1673,24.3,0.0
09-09,목,맑음,1889,23.2,0.0
09-10,금,맑음,3842,23.1,0.0
09-11,토,흐림,11735,22.3,12.0
09-12,일,비,12755,19.6,29.6
09-13,월,구름 조금,1442,22.2,1.6
09-14,화,맑음,1405,23.5,0.0
09-15,수,맑음,1313,23.6,0.0
09-16,목,맑음,1336,24.0,0.0
09-17,금,맑음,1335,24.2,0.0
09-18,토,맑음,9152,24.8,0.0
09-19,일,맑음,12678,24.6,0.0
09-20,월,맑음,19167,23.6,0.0
09-21,화,맑음,7751,22.9,0.0
09-22,수,맑음,10551,23.5,0.0
09-23,목,맑음,4100,23.9,0.0
09-24,금,맑음,3257,23.7,0.0
09-25,토,맑음,10698,23.7,0.0
09-26,일,비,11145,22.0,68.1
09-27,월,구름 많음,1478,20.2,4.5
09-28,화,맑음,1124,20.9,0.0
09-29,수,맑음,169,21.8,0.0
09-30,목,맑음,1840,21.2,0.0
10-01,금,맑음,2313,22.6,0.0
10-02,토,구름 조금,12400,21.6,0.0
10-03,일,구름 조금,16853,21.5,1.3
10-04,월,흐림,5215,20.2,13.1
10-05,화,맑음,1259,20.3,0.0
10-06,수,맑음,353,13.70737018425461,0.0
10-07,목,흐림,914,21.1,13.3
10-08,금,맑음,715,20.7,0.0
10-09,토,맑음,13776,22.3,0.0
10-10,일,구름 많음,6376,22.9,3.6
10-11,월,구름 조금,14410,23.6,0.0
10-12,화,구름 많음,1763,18.8,6.4
10-13,수,구름 많음,2368,19.4,4.6
10-14,목,구름 많음,2310,18.8,3.5
10-15,금,구름 조금,1857,20.9,0.4
10-16,토,흐림,7823,19.9,14.2
10-17,일,구름 조금,5034,15.2,0.3
10-18,월,맑음,3236,17.9,0.0
10-19,화,맑음,1091,19.6,0.0
10-20,수,맑음,1863,19.7,0.0
10-21,목,구름 조금,1938,19.0,0.0
10-22,금,구름 조금,2386,10.7,0.0
10-23,토,맑음,11525,5.6,0.0
10-24,일,구름 많음,14344,9.6,5.6
10-25,월,구름 많음,2267,10.9,4.4
10-26,화,맑음,2433,9.5,0.0
10-27,수,맑음,20162,9.8,0.0
10-28,목,맑음,3071,10.8,0.0
10-29,금,맑음,3468,11.4,0.0
10-30,토,맑음,13047,11.4,0.0
10-31,일,맑음,15648,11.7,0.0
11-01,월,맑음,3168,13.0,0.0
11-02,화,구름 조금,3353,13.4,0.0
11-03,수,맑음,3310,12.7,0.0
11-04,목,맑음,2533,14.6,0.0
11-05,금,맑음,3846,13.8,0.0
11-06,토,구름 조금,15092,14.1,0.7
11-07,일,맑음,16700,12.9,0.0
11-08,월,맑음,171,11.5,0.0
11-09,화,맑음,385,12.1,0.0
11-10,수,구름 조금,930,12.1,0.0
11-11,목,맑음,1515,13.0,0.0
11-12,금,맑음,1593,14.1,0.0
11-13,토,맑음,6639,15.3,0.0
11-14,일,비,8436,8.6,25.7
11-15,월,구름 조금,1680,4.9,2.0
11-16,화,구름 조금,3665,4.2,0.3
11-17,수,구름 조금,1631,5.3,0.0
11-18,목,맑음,1073,4.5,0.0
11-19,금,맑음,1748,7.3,0.0
11-20,토,맑음,4321,11.3,0.0
11-21,일,맑음,3040,10.1,0.0
11-22,월,맑음,683,8.5,0.0
11-23,화,맑음,436,7.5,0.0
11-24,수,구름 조금,523,11.9,0.0
11-25,목,맑음,665,12.9,0.0
11-26,금,맑음,16233,10.4,0.0
11-27,토,구름 많음,15992,10.4,5.9
11-28,일,구름 조금,4650,2.7,1.3
11-29,월,맑음,1137,-0.6,0.0
11-30,화,구름 조금,141,4.1,0.0
12-01,수,맑음,321,5.7,0.0
12-02,목,구름 조금,386,2.9,0.0
12-03,금,맑음,361,3.4,0.0
12-04,토,맑음,1741,5.1,0.0
12-05,일,맑음,2830,7.6,0.0
12-06,월,비,696,5.7,27.2
12-07,화,맑음,1776,13.70737018425461,0.0
12-08,수,맑음,744,-1.3,0.0
12-09,목,구름 조금,645,1.3,0.1
12-10,금,구름 조금,404,1.9,0.4
12-11,토,맑음,2688,1.4,0.0
12-12,일,맑음,2415,2.9,0.0
12-13,월,맑음,267,5.4,0.0
12-14,화,맑음,568,6.8,0.0
12-15,수,맑음,339,6.7,0.0
12-16,목,맑음,355,6.5,0.0
12-17,금,구름 조금,343,7.0,0.7
12-18,토,맑음,312,6.0,0.0
12-19,일,맑음,573,1.2,0.0
12-20,월,맑음,471,-2.2,0.0
12-21,화,구름 조금,460,3.7,1.2
12-22,수,구름 조금,427,7.2,2.1
12-23,목,구름 조금,430,6.4,0.0
12-24,금,맑음,303,-5.6,0.0
12-25,토,구름 많음,390,-5.7,2.8
12-26,일,구름 조금,223,-0.8,0.2
12-27,월,구름 조금,12955,5.2,0.0
12-28,화,맑음,317,5.2,0.0
12-29,수,맑음,394,2.2,0.0
12-30,목,맑음,420,2.7,0.0
12-31,금,구름 조금,202,-0.3,0.2
01-01,토,맑음,1043,-4.3,0.0
01-02,일,구름 조금,1084,-1.3,0.3
01-03,월,구름 조금,324,-1.9,0.0
01-04,화,구름 조금,417,-2.5,0.0
01-05,수,맑음,349,-2.8,0.0
01-06,목,맑음,933,-2.2,0.0
01-07,금,맑음,463,-1.6,0.0
01-08,토,구름 조금,1431,0.3,0.0
01-09,일,맑음,1116,1.3,0.0
01-10,월,구름 조금,367,0.5,0.9
01-11,화,구름 조금,249,-7.4,0.2
01-12,수,맑음,139,-7.7,0.0
01-13,목,맑음,1276,-6.4,0.0
01-14,금,맑음,224,-4.8,0.0
01-15,토,구름 조금,1433,-1.0,0.0
01-16,일,구름 조금,1262,-2.0,0.0
01-17,월,구름 조금,283,-5.8,0.5
01-18,화,맑음,358,-5.6,0.0
01-19,수,구름 조금,240,-5.3,1.7
01-20,목,맑음,327,-5.0,0.0
01-21,금,맑음,386,-2.7,0.0
01-22,토,맑음,1882,0.3,0.0
01-23,일,맑음,2805,2.0,0.0
01-24,월,맑음,746,4.6,0.0
01-25,화,구름 조금,267,2.8,0.7
01-26,수,맑음,558,1.3,0.0
01-27,목,맑음,476,-1.1,0.0
01-28,금,맑음,426,-2.7,0.0
01-29,토,맑음,1237,-3.6,0.0
01-30,일,맑음,1951,-2.8,0.0
01-31,월,구름 조금,2755,-0.7,1.2
02-01,화,구름 조금,1096,-1.3,1.7
02-02,수,맑음,1651,-3.4,0.0
02-03,목,맑음,652,-3.4,0.0
02-04,금,구름 조금,374,-5.2,0.0
02-05,토,맑음,509,-6.6,0.0
02-06,일,맑음,860,-3.9,0.0
02-07,월,맑음,275,-2.5,0.0
02-08,화,맑음,591,-0.1,0.0
02-09,수,맑음,564,1.0,0.0
02-10,목,맑음,704,1.4,0.0
02-11,금,맑음,755,2.9,0.0
02-12,토,맑음,2875,4.8,0.0
02-13,일,맑음,4327,4.8,0.0
02-14,월,구름 조금,721,2.5,1.7
02-15,화,구름 조금,2350,-4.7,0.0
02-16,수,구름 조금,282,-7.3,0.0
02-17,목,맑음,215,-6.2,0.0
02-18,금,맑음,599,-1.2,0.0
02-19,토,구름 조금,2013,-1.7,0.1
02-20,일,맑음,1677,-4.8,0.0
02-21,월,구름 조금,364,-3.0,0.1
02-22,화,맑음,380,-4.5,0.0
02-23,수,맑음,337,-5.6,0.0
02-24,목,맑음,656,-2.4,0.0
02-25,금,맑음,1254,3.0,0.0
02-26,토,구름 조금,1947,5.4,1.1
02-27,일,맑음,6364,3.7,0.0
02-28,월,맑음,3653,6.8,0.0
03-01,화,맑음,4485,13.70737018425461,0.0
03-02,수,맑음,902,13.70737018425461,0.0
03-03,목,맑음,927,13.70737018425461,0.0
03-04,금,구름 조금,614,5.8,2.3
03-05,토,맑음,2774,3.5,0.0
03-06,일,맑음,4926,5.8,0.0
03-07,월,맑음,755,6.9,0.0
03-08,화,맑음,1096,2.3,0.0
03-09,수,맑음,12164,1.4,0.0
03-10,목,맑음,1044,2.8,0.0
03-11,금,맑음,1440,6.0,0.0
03-12,토,맑음,10364,7.1,0.0
03-13,일,맑음,1397,9.3,0.0
03-14,월,맑음,135,11.2,0.0
03-15,화,구름 많음,1287,12.8,2.6
03-16,수,비,1520,11.7,42.1
03-17,목,흐림,2283,8.2,8.7
03-18,금,맑음,556,7.2,0.0
03-19,토,맑음,504,10.3,0.0
03-20,일,구름 조금,7728,10.7,1.2
03-21,월,구름 조금,1259,7.5,0.0
03-22,화,흐림,1348,3.4,14.6
03-23,수,구름 조금,777,5.4,0.0
03-24,목,맑음,1079,5.0,0.0
03-25,금,맑음,1185,7.1,0.0
03-26,토,맑음,3615,6.2,0.0
03-27,일,맑음,15630,8.2,0.0
03-28,월,흐림,3633,12.0,10.9
03-29,화,흐림,2389,11.8,19.8
03-30,수,맑음,670,8.1,0.0
03-31,목,맑음,1516,8.2,0.0
04-01,금,맑음,3094,9.7,0.0
04-02,토,구름 조금,19080,10.8,0.4
04-03,일,맑음,20368,10.9,0.0
04-04,월,맑음,2616,9.2,0.0
04-05,화,맑음,2293,8.2,0.0
04-06,수,맑음,2635,9.6,0.0
04-07,목,맑음,2425,10.3,0.0
04-08,금,맑음,5368,10.3,0.0
04-09,토,맑음,22965,11.7,0.0
04-10,일,맑음,24296,10.9,0.0
04-11,월,맑음,6053,12.9,0.0
04-12,화,구름 조금,4761,17.8,0.5
04-13,수,맑음,831,18.2,0.0
04-14,목,맑음,2172,19.6,0.0
04-15,금,구름 조금,5086,19.3,0.5
04-16,토,구름 조금,22173,13.1,1.3
04-17,일,맑음,22239,13.2,0.0
04-18,월,맑음,3122,13.3,0.0
04-19,화,맑음,5147,13.2,0.0
04-20,수,맑음,3229,14.0,0.0
04-21,목,맑음,3143,15.2,0.0
04-22,금,맑음,2171,15.2,0.0
04-23,토,맑음,18329,15.7,0.0
04-24,일,맑음,17940,16.3,0.0
04-25,월,맑음,2604,15.0,0.0
04-26,화,맑음,2563,17.7,0.0
04-27,수,구름 조금,3095,18.5,0.3
04-28,목,구름 조금,4191,20.0,1.3
04-29,금,구름 조금,3185,21.9,1.0
04-30,토,맑음,20693,17.7,0.0
05-01,토,구름 조금,16307,18.2,0.0
05-02,일,흐림,3893,13.4,15.5
05-03,월,맑음,3594,13.0,0.0
05-04,화,맑음,6421,13.70737018425461,0.0
05-05,수,맑음,46381,13.4,0.0
05-06,목,맑음,13667,14.2,0.0
05-07,금,맑음,10100,14.8,0.0
05-08,토,맑음,6887,17.8,0.0
05-09,일,맑음,3350,18.9,0.0
05-10,월,맑음,3458,19.6,0.0
05-11,화,구름 조금,3399,18.4,0.5
05-12,수,구름 조금,3523,15.3,2.0
05-13,목,맑음,6037,17.9,0.0
05-14,금,구름 조금,12924,19.9,0.0
05-15,토,구름 조금,13663,19.7,0.0
05-16,일,맑음,3881,20.9,0.0
05-17,월,맑음,4384,19.4,0.0
05-18,화,맑음,3217,15.7,0.0
05-19,수,맑음,5872,16.2,0.0
05-20,목,맑음,11668,17.3,0.0
05-21,금,맑음,15593,20.0,0.0
05-22,토,구름 조금,15974,20.0,1.5
05-23,일,맑음,4327,19.9,0.0
05-24,월,맑음,5103,20.6,0.0
05-25,화,맑음,5800,20.1,0.0
05-26,수,맑음,6660,20.3,0.0
05-27,목,맑음,7146,23.0,0.0
05-28,금,맑음,36225,22.9,0.0
05-29,토,구름 많음,15590,21.0,3.5
05-30,일,구름 조금,3877,18.7,0.0
05-31,월,구름 조금,6274,20.0,0.0
06-01,수,맑음,17053,22.3,0.0
06-02,목,맑음,4831,23.1,0.0
06-03,금,구름 조금,4426,20.8,0.0
06-04,토,맑음,12333,20.7,0.0
06-05,일,맑음,16564,22.1,0.0
06-06,월,맑음,9282,21.5,0.0
06-07,화,맑음,3572,24.5,0.0
06-08,수,맑음,3123,25.6,0.0
06-09,목,구름 조금,2045,22.7,0.0
06-10,금,구름 많음,3588,19.7,4.3
06-11,토,구름 조금,8456,20.6,0.0
06-12,일,맑음,8738,21.2,0.0
06-13,월,구름 많음,4221,20.9,2.6
06-14,화,구름 조금,2084,20.9,1.2
06-15,수,맑음,829,24.6,0.0
06-16,목,맑음,2084,24.6,0.0
06-17,금,흐림,2456,23.6,18.0
06-18,토,구름 조금,6082,21.5,0.0
06-19,일,흐림,7232,17.5,18.5
06-20,월,구름 조금,1732,20.3,0.7
06-21,화,맑음,1506,22.5,0.0
06-22,수,구름 조금,1690,23.3,0.0
06-23,목,맑음,430,23.4,0.0
06-24,금,맑음,1439,25.2,0.0
06-25,토,맑음,5193,26.5,0.0
06-26,일,맑음,18829,25.9,0.0
06-27,월,비,459,24.3,103.0
06-28,화,흐림,404,22.6,19.1
06-29,수,맑음,239,26.0,0.0
06-30,목,맑음,108,26.5,0.0
07-01,금,구름 많음,1188,26.8,6.1
07-02,토,구름 많음,2745,26.9,6.3
07-03,일,비,1965,25.1,37.8
07-04,월,비,516,22.3,176.2
07-05,화,맑음,459,13.70737018425461,0.0
07-06,수,맑음,536,26.6,0.0
07-07,목,맑음,280,28.8,0.0
07-08,금,맑음,743,29.3,0.0
07-09,토,구름 조금,2469,29.3,0.0
07-10,일,구름 조금,1722,29.2,0.0
07-11,월,흐림,472,29.5,16.1
07-12,화,구름 조금,711,28.2,0.0
07-13,수,구름 조금,149,25.8,1.7
07-14,목,구름 조금,753,26.9,0.1
07-15,금,구름 조금,1243,29.2,0.0
07-16,토,흐림,2437,27.0,9.0
07-17,일,맑음,3223,26.8,0.0
07-18,월,비,5216,25.0,114.5
07-19,화,구름 조금,755,25.7,0.9
07-20,수,맑음,774,26.0,0.0
07-21,목,비,676,24.8,34.0
07-22,금,구름 조금,756,25.5,0.0
07-23,토,맑음,10918,26.8,0.0
07-24,일,맑음,3068,27.4,0.0
07-25,월,구름 조금,1208,27.1,1.1
07-26,화,흐림,833,23.2,10.4
07-27,수,구름 많음,1005,25.1,5.2
07-28,목,흐림,1014,24.8,9.9
07-29,금,구름 조금,854,25.0,1.2
07-30,토,맑음,1277,27.5,0.0
07-31,일,맑음,856,28.9,0.0
08-01,월,맑음,1417,29.3,0.0
08-02,화,맑음,938,29.7,0.0
08-03,수,맑음,1286,30.7,0.0
08-04,목,구름 조금,2637,30.9,1.0
08-05,금,비,1023,27.2,47.2
08-06,토,비,1584,28.6,30.0
08-07,일,비,1697,26.8,33.5
08-08,월,비,177,27.1,51.1
08-09,화,구름 조금,69,28.9,0.0
08-10,수,구름 조금,875,29.4,0.0
08-11,목,흐림,531,28.7,13.6
08-12,금,구름 조금,1521,28.9,0.9
08-13,토,비,1703,26.8,129.6
08-14,일,비,5632,25.1,123.1
08-15,월,흐림,4618,24.7,7.6
08-16,화,비,1531,25.0,38.8
08-17,수,맑음,1324,27.0,0.0
08-18,목,구름 많음,1640,25.8,4.0
08-19,금,구름 많음,1116,27.6,3.0
08-20,토,구름 조금,5437,28.1,0.9
08-21,일,구름 조금,4690,26.7,0.0
08-22,월,구름 조금,1408,26.0,0.0
08-23,화,맑음,1137,25.6,0.0
08-24,수,비,1568,26.0,66.1
08-25,목,구름 조금,803,28.2,0.0
08-26,금,맑음,1885,28.1,0.0
08-27,토,구름 많음,16188,26.8,3.2
08-28,일,구름 조금,14964,25.4,2.2
08-29,월,맑음,917,24.8,0.0
08-30,화,구름 조금,184,22.2,1.6
08-31,수,맑음,1678,23.8,0.0
09-01,목,흐림,2141,21.5,17.6
09-02,금,맑음,2584,22.6,0.0
09-03,토,구름 조금,13485,21.0,2.2
09-04,일,비,790,19.1,35.8
09-05,월,구름 조금,55,21.7,0.0
09-06,화,맑음,1340,24.0,0.0
09-07,수,맑음,2223,24.7,0.0
09-08,목,맑음,2057,24.2,0.0
09-09,금,비,10663,22.3,33.8
09-10,토,비,13924,19.2,120.0
09-11,일,비,16246,21.0,25.3
09-12,월,맑음,14399,22.8,0.0
09-13,화,맑음,2526,23.2,0.0
09-14,수,맑음,1606,24.3,0.0
09-15,목,맑음,2073,23.6,0.0
09-16,금,구름 조금,2332,23.3,0.1
09-17,토,맑음,7960,23.8,0.0
09-18,일,구름 조금,9012,24.3,0.0
09-19,월,구름 조금,1905,24.6,0.0
09-20,화,구름 조금,2651,25.2,0.1
09-21,수,흐림,2964,25.7,14.6
09-22,목,구름 많음,4536,25.6,4.3
09-23,금,맑음,3468,27.1,0.0
09-24,토,맑음,16093,24.6,0.0
09-25,일,맑음,13925,19.9,0.0
09-26,월,맑음,2946,19.4,0.0
09-27,화,맑음,7608,19.8,0.0
09-28,수,구름 많음,4835,17.5,3.3
09-29,목,맑음,2630,18.5,0.0
09-30,금,맑음,4460,19.6,0.0
10-01,토,맑음,13785,20.0,0.0
10-02,일,맑음,12071,20.9,0.0
10-03,월,맑음,560,20.4,0.0
10-04,화,맑음,1571,20.4,0.0
10-05,수,맑음,3310,20.7,0.0
10-06,목,맑음,2908,13.70737018425461,0.0
10-07,금,맑음,4548,20.9,0.0
10-08,토,흐림,17148,19.4,15.8
10-09,일,비,1749,21.4,76.0
10-10,월,흐림,3701,17.9,11.8
10-11,화,구름 조금,2339,16.6,0.1
10-12,수,구름 조금,3944,15.8,0.0
10-13,목,맑음,5192,14.3,0.0
10-14,금,맑음,5034,15.8,0.0
10-15,토,비,14951,13.1,20.4
10-16,일,구름 조금,13354,9.9,0.0
10-17,월,맑음,2944,11.1,0.0
10-18,화,맑음,2905,13.5,0.0
10-19,수,맑음,3187,16.3,0.0
10-20,목,맑음,4181,17.1,0.0
10-21,금,맑음,6339,18.2,0.0
10-22,토,맑음,14033,16.9,0.0
10-23,일,맑음,15734,11.2,0.0
10-24,월,맑음,3200,9.4,0.0
10-25,화,맑음,3097,10.5,0.0
10-26,수,맑음,7256,12.9,0.0
10-27,목,맑음,4482,14.0,0.0
10-28,금,맑음,5649,15.1,0.0
10-29,토,맑음,16415,14.0,0.0
10-30,일,맑음,28609,10.6,0.0
10-31,월,맑음,3917,11.3,0.0
11-01,월,맑음,3168,12.9,0.0
11-02,화,맑음,3353,13.2,0.0
11-03,수,맑음,3310,13.6,0.0
11-04,목,맑음,2533,14.8,0.0
11-05,금,맑음,3846,14.9,0.0
11-06,토,맑음,15092,14.9,0.0
11-07,일,맑음,16700,13.1,0.0
11-08,월,맑음,171,11.1,0.0
11-09,화,구름 조금,385,9.3,0.0
11-10,수,맑음,930,4.9,0.0
11-11,목,맑음,1515,6.5,0.0
11-12,금,맑음,1593,9.6,0.0
11-13,토,구름 조금,6639,11.4,0.0
11-14,일,맑음,8436,12.9,0.0
11-15,월,맑음,1680,11.4,0.0
11-16,화,맑음,3665,13.5,0.0
11-17,수,맑음,1631,15.6,0.0
11-18,목,비,1073,16.3,57.9
11-19,금,맑음,1748,10.3,0.0
11-20,토,맑음,4321,9.7,0.0
11-21,일,구름 조금,3040,8.1,1.6
11-22,월,맑음,683,8.5,0.0
11-23,화,맑음,436,10.2,0.0
11-24,수,맑음,523,11.0,0.0
11-25,목,맑음,665,12.9,0.0
11-26,금,맑음,16233,13.7,0.0
11-27,토,맑음,15992,11.8,0.0
11-28,일,구름 조금,4650,10.7,0.0
11-29,월,구름 조금,1137,10.8,0.0
11-30,화,맑음,141,9.4,0.0
12-01,수,구름 조금,321,12.3,1.7
12-02,목,맑음,386,6.7,0.0
12-03,금,맑음,361,5.4,0.0
12-04,토,흐림,1741,12.3,19.5
12-05,일,구름 많음,2830,6.9,3.8
12-06,월,맑음,696,-5.4,0.0
12-07,화,맑음,1776,13.70737018425461,0.0
12-08,수,맑음,744,-5.4,0.0
12-09,목,맑음,645,-2.5,0.0
12-10,금,구름 조금,404,2.1,1.1
12-11,토,맑음,2688,-3.5,0.0
12-12,일,맑음,2415,-3.1,0.0
12-13,월,구름 조금,267,0.9,0.1
12-14,화,구름 조금,568,4.9,0.1
12-15,수,맑음,339,3.7,0.0
12-16,목,구름 조금,355,4.5,0.0
12-17,금,맑음,343,2.6,0.0
12-18,토,맑음,312,1.6,0.0
12-19,일,구름 많음,573,2.0,5.4
12-20,월,구름 조금,471,0.0,0.6
12-21,화,맑음,460,-8.4,0.0
12-22,수,구름 조금,427,-4.5,2.4
12-23,목,맑음,430,-6.3,0.0
12-24,금,구름 조금,303,-7.0,0.2
12-25,토,맑음,390,-9.5,0.0
12-26,일,맑음,223,-7.0,0.0
12-27,월,맑음,12955,-3.2,0.0
12-28,화,구름 많음,317,-0.1,3.6
12-29,수,맑음,394,-7.8,0.0
12-30,목,맑음,420,-11.8,0.0
12-31,금,맑음,202,-8.4,0.0
