,날짜,요일,날씨,유료합계,무료합계,총계,평균기온(℃),강수량(mm)
0,2018-01-01,월,맑음,1688,628,2316,-1.3,
1,2018-01-02,화,구름 조금,403,585,988,-1.8,
2,2018-01-03,수,구름 조금,192,502,694,-4.7,
3,2018-01-04,목,흐림,165,506,671,-4.7,
4,2018-01-05,금,구름 조금,189,569,758,-3.0,
5,2018-01-06,토,맑음,968,967,1935,-2.8,
6,2018-01-07,일,흐림,922,959,1881,-0.8,
7,2018-01-08,월,흐림,193,441,634,1.3,0.9
8,2018-01-09,화,구름 많음,115,408,523,-4.2,0.5
9,2018-01-10,수,구름 조금,70,312,382,-7.5,0.3
10,2018-01-11,목,맑음,43,269,312,-11.1,
11,2018-01-12,금,맑음,52,176,228,-10.2,0.0
12,2018-01-13,토,맑음,350,665,1015,-4.4,0.4
13,2018-01-14,일,구름 많음,839,815,1654,0.6,
14,2018-01-15,월,구름 조금,225,420,645,4.7,0.2
15,2018-01-16,화,비,150,549,699,3.5,0.0
16,2018-01-17,수,구름 조금,196,435,631,4.5,
17,2018-01-18,목,구름 많음,989,514,1503,2.1,0.0
18,2018-01-19,금,맑음,334,584,918,1.0,
19,2018-01-20,토,구름 조금,1138,945,2083,2.2,
20,2018-01-21,일,구름 많음,1234,889,2123,0.4,
21,2018-01-22,월,눈,311,541,852,0.2,3.3
22,2018-01-23,화,맑음,67,296,363,-11.7,
23,2018-01-24,수,맑음,18,110,128,-14.2,
24,2018-01-25,목,맑음,23,139,162,-14.0,
25,2018-01-26,금,맑음,50,172,222,-14.8,
26,2018-01-27,토,구름 조금,247,408,655,-9.9,
27,2018-01-28,일,구름 조금,457,505,962,-6.3,
28,2018-01-29,월,맑음,87,322,409,-8.5,
29,2018-01-30,화,구름 많음,9203,457,9660,-5.3,2.9
30,2018-01-31,수,구름 많음,151,434,585,-2.6,0.0
31,2018-02-01,목,맑음,194,485,679,-4.0,
32,2018-02-02,금,구름 많음,152,552,704,-2.4,
33,2018-02-03,토,구름 조금,415,634,1049,-7.3,0.5
34,2018-02-04,일,맑음,281,509,790,-9.5,
35,2018-02-05,월,맑음,66,282,348,-9.4,
36,2018-02-06,화,구름 조금,60,309,369,-10.1,
37,2018-02-07,수,구름 많음,78,340,418,-8.0,
38,2018-02-08,목,맑음,177,547,724,-4.4,
39,2018-02-09,금,,172,485,657,0.4,
40,2018-02-10,토,,907,954,1861,-0.5,
41,2018-02-11,일,눈,544,615,1159,-6.1,0.0
42,2018-02-12,월,구름 많음,120,379,499,-5.8,0.0
43,2018-02-13,화,맑음,195,530,725,-0.8,
44,2018-02-14,수,,354,456,810,3.5,
45,2018-02-15,목,구름 조금,1193,572,1765,-0.7,
46,2018-02-16,금,맑음,2331,676,3007,-1.1,
47,2018-02-17,토,맑음,2617,973,3590,-3.0,
48,2018-02-18,일,구름 많음,2111,1259,3370,-0.4,
49,2018-02-19,월,구름 많음,767,791,1558,1.8,
50,2018-02-20,화,구름 조금,561,682,1243,0.9,
51,2018-02-21,수,구름 조금,465,704,1169,-0.9,
52,2018-02-22,목,구름 많음,562,786,1348,1.3,0.4
53,2018-02-23,금,구름 조금,490,589,1079,4.2,3.7
54,2018-02-24,토,구름 많음,2125,1237,3362,2.4,
55,2018-02-25,일,맑음,4517,1622,6139,1.9,
56,2018-02-26,월,구름 조금,1417,835,2252,3.1,
57,2018-02-27,화,흐림,769,748,1517,4.2,
58,2018-02-28,수,비,168,458,626,4.6,25.0
59,2018-03-01,목,맑음,2320,970,3290,,
60,2018-03-02,금,맑음,712,788,1500,,
61,2018-03-03,토,구름 많음,10711,3829,14540,,
62,2018-03-04,일,흐림,2268,1351,3619,-0.2,0.5
63,2018-03-05,월,구름 조금,546,503,1049,-0.7,
64,2018-03-06,화,구름 조금,739,1012,1751,7.9,0.0
65,2018-03-07,수,구름 많음,583,851,1434,9.8,11.5
66,2018-03-08,목,흐림,139,465,604,5.5,3.5
67,2018-03-09,금,구름 조금,495,871,1366,4.5,
68,2018-03-10,토,구름 조금,7513,3210,10723,6.4,0.5
69,2018-03-11,일,구름 조금,11235,3277,14512,4.6,4.0
70,2018-03-12,월,맑음,818,737,1555,4.5,
71,2018-03-13,화,구름 조금,889,930,1819,4.6,
72,2018-03-14,수,구름 조금,1872,1160,3032,6.4,
73,2018-03-15,목,비,82,308,390,8.0,
74,2018-03-16,금,맑음,1118,983,2101,12.4,
75,2018-03-17,토,구름 많음,17044,4667,21711,17.0,
76,2018-03-18,일,흐림,8256,3084,11340,12.4,27.0
77,2018-03-19,월,구름 조금,295,490,785,7.1,
78,2018-03-20,화,구름 많음,377,851,1228,6.6,
79,2018-03-21,수,눈,1673,511,2184,8.2,0.5
80,2018-03-22,목,맑음,603,956,1559,8.0,1.0
81,2018-03-23,금,구름 조금,1002,920,1922,4.7,
82,2018-03-24,토,구름 조금,6364,2054,8418,2.1,1.0
83,2018-03-25,일,맑음,5576,1758,7334,4.9,
84,2018-03-26,월,맑음,621,606,1227,6.1,
85,2018-03-27,화,구름 조금,560,737,1297,7.6,
86,2018-03-28,수,구름 조금,964,866,1830,9.6,
87,2018-03-29,목,구름 조금,725,863,1588,11.0,
88,2018-03-30,금,맑음,2395,1275,3670,13.3,
89,2018-03-31,토,구름 조금,17894,6715,24609,14.0,
90,2018-04-01,일,흐림,10899,4222,15121,15.4,
91,2018-04-02,월,,1818,967,2785,14.8,
92,2018-04-03,화,,2140,1549,3689,14.0,
93,2018-04-04,수,,1585,990,2575,15.6,
94,2018-04-05,목,,559,433,992,18.4,
95,2018-04-06,금,구름 많음,2933,987,3920,17.8,0.1
96,2018-04-07,토,구름 많음,9469,3272,12741,13.4,18.5
97,2018-04-08,일,흐림,9341,3342,12683,7.6,10.5
98,2018-04-09,월,구름 조금,3844,1931,5775,5.8,6.5
99,2018-04-10,화,구름 많음,3726,3510,7236,4.2,0.2
100,2018-04-11,수,맑음,2229,1955,4184,3.9,3.0
101,2018-04-12,목,맑음,4025,3239,7264,7.9,
102,2018-04-13,금,구름 많음,5380,3314,8694,15.1,5.0
103,2018-04-14,토,흐림,1075,1022,2097,12.6,
104,2018-04-15,일,구름 조금,16642,4713,21355,13.3,
105,2018-04-16,월,구름 조금,3299,2181,5480,14.6,
106,2018-04-17,화,맑음,2530,2634,5164,9.0,9.0
107,2018-04-18,수,맑음,2826,2808,5634,9.5,
108,2018-04-19,목,맑음,2455,2614,5069,11.6,
109,2018-04-20,금,맑음,3459,1894,5353,12.9,
110,2018-04-21,토,구름 조금,21602,11008,32610,12.4,
111,2018-04-22,일,비,5932,1748,7680,14.0,
112,2018-04-23,월,비,61,227,288,18.4,
113,2018-04-24,화,구름 많음,1685,2655,4340,18.7,
114,2018-04-25,수,맑음,4324,4309,8633,15.5,15.5
115,2018-04-26,목,구름 조금,10774,5059,15833,9.3,59.0
116,2018-04-27,금,맑음,10229,4121,14350,12.1,3.0
117,2018-04-28,토,맑음,17221,5743,22964,14.6,
118,2018-04-29,일,구름 조금,22455,7319,29774,14.9,
119,2018-04-30,월,구름 조금,4035,11066,15101,15.7,
120,2018-05-01,화,흐림,16617,5667,22284,15.4,
121,2018-05-02,수,비,697,652,1349,16.2,
122,2018-05-03,목,흐림,6490,2613,9103,19.2,
123,2018-05-04,금,맑음,8372,3026,11398,,
124,2018-05-05,토,맑음,29521,22789,52310,20.4,0.0
125,2018-05-06,일,비,2624,720,3344,15.1,12.0
126,2018-05-07,월,구름 많음,24639,8182,32821,11.2,1.0
127,2018-05-08,화,,3600,2128,5728,14.1,
128,2018-05-09,수,,2938,2954,5892,18.3,
129,2018-05-10,목,,3138,3624,6762,16.6,22.0
130,2018-05-11,금,구름 많음,6050,3785,9835,19.2,
131,2018-05-12,토,비,801,544,1345,17.5,
132,2018-05-13,일,구름 조금,17365,5766,23131,15.7,
133,2018-05-14,월,맑음,2153,1949,4102,15.4,
134,2018-05-15,화,구름 많음,2476,2349,4825,16.1,
135,2018-05-16,수,비,222,674,896,14.2,32.0
136,2018-05-17,목,비,830,479,1309,15.8,0.5
137,2018-05-18,금,흐림,4252,1240,5492,18.2,
138,2018-05-19,토,맑음,24047,9608,33655,23.2,0.0
139,2018-05-20,일,구름 많음,23579,6870,30449,22.3,45.0
140,2018-05-21,월,구름 조금,13403,5895,19298,20.9,83.0
141,2018-05-22,화,흐림,21239,7256,28495,16.3,6.5
142,2018-05-23,수,맑음,2802,3500,6302,17.6,
143,2018-05-24,목,맑음,2706,3681,6387,17.0,
144,2018-05-25,금,구름 많음,5120,3337,8457,17.8,
145,2018-05-26,토,맑음,20847,6858,27705,18.1,12.5
146,2018-05-27,일,구름 많음,24339,7905,32244,17.3,6.5
147,2018-05-28,월,구름 조금,23912,3293,27205,18.3,
148,2018-05-29,화,구름 많음,3637,5104,8741,19.7,
149,2018-05-30,수,구름 많음,4129,3174,7303,21.8,
150,2018-05-31,목,맑음,5134,21142,26276,20.3,
151,2018-06-01,금,맑음,6257,3712,9969,22.3,
152,2018-06-02,토,맑음,20225,6116,26341,21.4,1.0
153,2018-06-03,일,맑음,20260,5548,25808,20.2,0.0
154,2018-06-04,월,구름 많음,3232,2690,5922,20.9,
155,2018-06-05,화,구름 조금,4678,4349,9027,23.8,
156,2018-06-06,수,맑음,22109,7835,29944,23.4,
157,2018-06-07,목,구름 조금,3102,3069,6171,24.0,
158,2018-06-08,금,구름 조금,3315,3842,7157,22.6,
159,2018-06-09,토,흐림,13365,4671,18036,23.7,
160,2018-06-10,일,흐림,15026,4302,19328,23.0,
161,2018-06-11,월,구름 많음,1828,1798,3626,22.2,
162,2018-06-12,화,구름 조금,2997,2550,5547,21.9,
163,2018-06-13,수,구름 많음,13317,4680,17997,23.7,0.5
164,2018-06-14,목,비,962,804,1766,21.3,0.5
165,2018-06-15,금,구름 조금,2311,2051,4362,20.2,5.0
166,2018-06-16,토,구름 조금,11555,3652,15207,21.3,0.0
167,2018-06-17,일,구름 많음,9181,3073,12254,22.0,0.0
168,2018-06-18,월,맑음,1166,1266,2432,21.6,29.0
169,2018-06-19,화,구름 많음,2110,1671,3781,21.7,16.5
170,2018-06-20,수,구름 조금,1514,1698,3212,22.5,
171,2018-06-21,목,맑음,1225,1668,2893,22.8,
172,2018-06-22,금,구름 조금,14422,1600,16022,24.8,
173,2018-06-23,토,구름 많음,6410,2435,8845,22.4,
174,2018-06-24,일,맑음,4906,1647,6553,22.7,
175,2018-06-25,월,구름 많음,1180,1104,2284,23.7,
176,2018-06-26,화,비,13560,206,13766,25.0,
177,2018-06-27,수,구름 많음,944,1042,1986,24.5,
178,2018-06-28,목,구름 많음,764,1205,1969,25.2,
179,2018-06-29,금,구름 많음,7072,1028,8100,27.1,
180,2018-06-30,토,비,1998,1606,3604,22.3,71.5
181,2018-07-01,일,비,114,297,411,22.3,1.0
182,2018-07-02,월,비,105,229,334,23.3,26.5
183,2018-07-03,화,구름 많음,826,951,1777,24.7,6.5
184,2018-07-04,수,구름 많음,679,889,1568,24.4,14.5
185,2018-07-05,목,비,556,727,1283,,
186,2018-07-06,금,구름 많음,1221,1197,2418,21.9,83.5
187,2018-07-07,토,구름 많음,8313,2866,11179,22.6,59.5
188,2018-07-08,일,흐림,9309,2898,12207,27.4,0.1
189,2018-07-09,월,비,183,391,574,27.3,
190,2018-07-10,화,흐림,772,842,1614,25.3,0.5
191,2018-07-11,수,구름 많음,680,727,1407,23.9,
192,2018-07-12,목,구름 조금,1665,852,2517,23.7,
193,2018-07-13,금,구름 많음,664,692,1356,23.3,
194,2018-07-14,토,구름 조금,2638,1280,3918,20.8,14.0
195,2018-07-15,일,구름 조금,2003,1028,3031,23.7,16.5
196,2018-07-16,월,맑음,364,488,852,26.8,3.0
197,2018-07-17,화,맑음,565,574,1139,26.6,1.0
198,2018-07-18,수,맑음,14145,552,14697,27.3,
199,2018-07-19,목,맑음,346,553,899,27.9,0.0
200,2018-07-20,금,맑음,375,381,756,28.3,
201,2018-07-21,토,맑음,747,790,1537,28.7,
202,2018-07-22,일,구름 조금,690,538,1228,28.1,
203,2018-07-23,월,,295,310,605,28.2,
204,2018-07-24,화,,247,269,516,28.7,
205,2018-07-25,수,,268,383,651,29.5,
206,2018-07-26,목,,340,372,712,30.6,
207,2018-07-27,금,구름 많음,1438,392,1830,31.8,
208,2018-07-28,토,비,703,707,1410,31.7,
209,2018-07-29,일,구름 조금,1157,463,1620,31.4,
210,2018-07-30,월,구름 많음,581,356,937,30.1,
211,2018-07-31,화,구름 조금,507,813,1320,30.1,
212,2018-08-01,수,맑음,319,288,607,30.9,
213,2018-08-02,목,구름 조금,424,368,792,29.5,7.5
214,2018-08-03,금,구름 조금,524,177,701,31.3,
215,2018-08-04,토,구름 조금,975,583,1558,31.7,
216,2018-08-05,일,구름 많음,1088,602,1690,32.6,
217,2018-08-06,월,구름 많음,497,318,815,33.6,
218,2018-08-07,화,구름 많음,459,357,816,33.7,
219,2018-08-08,수,구름 많음,420,300,720,33.1,
220,2018-08-09,목,비,676,396,1072,31.1,
221,2018-08-10,금,비,432,293,725,30.0,2.0
222,2018-08-11,토,구름 조금,1421,649,2070,30.5,6.5
223,2018-08-12,일,구름 많음,2409,698,3107,30.5,
224,2018-08-13,월,구름 많음,532,333,865,31.0,
225,2018-08-14,화,구름 많음,599,344,943,28.8,2.0
226,2018-08-15,수,구름 많음,1227,563,1790,30.7,
227,2018-08-16,목,구름 조금,383,372,755,31.0,
228,2018-08-17,금,맑음,1149,541,1690,30.6,5.0
229,2018-08-18,토,구름 조금,5675,2181,7856,30.5,1.0
230,2018-08-19,일,구름 많음,5613,1707,7320,31.7,
231,2018-08-20,월,구름 많음,794,521,1315,31.7,1.0
232,2018-08-21,화,구름 많음,653,532,1185,29.9,
233,2018-08-22,수,구름 조금,1020,481,1501,27.2,
234,2018-08-23,목,비,227,293,520,26.7,
235,2018-08-24,금,비,257,223,480,28.2,
236,2018-08-25,토,구름 많음,7588,2670,10258,29.1,0.0
237,2018-08-26,일,비,3683,1743,5426,26.6,5.0
238,2018-08-27,월,비,238,311,549,30.7,
239,2018-08-28,화,비,86,558,644,29.4,3.0
240,2018-08-29,수,비,3963,379,4342,24.4,7.5
241,2018-08-30,목,구름 많음,561,505,1066,25.2,
242,2018-08-31,금,구름 많음,1251,1122,2373,23.2,2.0
243,2018-09-01,토,구름 조금,10306,4876,15182,22.7,19.5
244,2018-09-02,일,구름 많음,12283,3258,15541,23.7,96.5
245,2018-09-03,월,비,183,501,684,25.2,42.0
246,2018-09-04,화,구름 조금,1122,1089,2211,25.3,9.5
247,2018-09-05,수,맑음,1716,1194,2910,25.6,0.1
248,2018-09-06,목,구름 많음,1221,1162,2383,25.5,
249,2018-09-07,금,구름 조금,2068,1402,3470,25.1,
250,2018-09-08,토,맑음,17054,5049,22103,23.3,34.5
251,2018-09-09,일,구름 조금,16753,6449,23202,23.2,
252,2018-09-10,월,구름 조금,2233,1096,3329,24.0,
253,2018-09-11,화,구름 많음,1636,1910,3546,24.1,1.0
254,2018-09-12,수,구름 조금,1670,1362,3032,22.0,0.5
255,2018-09-13,목,구름 많음,1420,1762,3182,21.7,
256,2018-09-14,금,흐림,1480,1631,3111,22.2,
257,2018-09-15,토,흐림,7084,3602,10686,22.9,
258,2018-09-16,일,흐림,6738,2310,9048,21.6,
259,2018-09-17,월,맑음,1667,1344,3011,22.8,
260,2018-09-18,화,구름 많음,1739,1571,3310,23.5,
261,2018-09-19,수,구름 많음,5846,1487,7333,23.5,0.5
262,2018-09-20,목,흐림,1175,521,1696,23.3,0.2
263,2018-09-21,금,흐림,327,414,741,22.2,2.0
264,2018-09-22,토,맑음,10785,3516,14301,22.3,0.1
265,2018-09-23,일,구름 많음,10061,3004,13065,22.0,
266,2018-09-24,월,맑음,15565,4096,19661,22.1,0.2
267,2018-09-25,화,맑음,23063,6495,29558,19.0,5.0
268,2018-09-26,수,구름 조금,15663,5468,21131,19.4,18.0
269,2018-09-27,목,,3363,1790,5153,20.8,6.5
270,2018-09-28,금,,3631,2279,5910,19.4,0.0
271,2018-09-29,토,,15592,6697,22289,17.6,
272,2018-09-30,일,,15058,4810,19868,17.8,
273,2018-10-01,월,구름 많음,1518,1689,3207,19.4,
274,2018-10-02,화,맑음,2028,2835,4863,18.9,
275,2018-10-03,수,맑음,20659,6790,27449,17.5,
276,2018-10-04,목,구름 조금,1860,2299,4159,20.2,
277,2018-10-05,금,비,935,491,1426,17.6,
278,2018-10-06,토,비,913,442,1355,,
279,2018-10-07,일,구름 조금,16157,5903,22060,15.4,0.0
280,2018-10-08,월,구름 조금,7914,3697,11611,15.9,
281,2018-10-09,화,구름 많음,19382,8132,27514,17.3,
282,2018-10-10,수,구름 조금,1752,1632,3384,19.3,
283,2018-10-11,목,구름 조금,2264,2807,5071,16.9,36.5
284,2018-10-12,금,맑음,4783,3512,8295,18.0,55.5
285,2018-10-13,토,맑음,12039,4602,16641,16.4,
286,2018-10-14,일,구름 많음,13028,4734,17762,14.8,
287,2018-10-15,월,맑음,6105,1475,7580,15.3,0.0
288,2018-10-16,화,구름 많음,2597,2264,4861,12.0,7.0
289,2018-10-17,수,맑음,2754,3149,5903,9.7,
290,2018-10-18,목,비,2686,2460,5146,10.9,
291,2018-10-19,금,,8266,3119,11385,12.5,
292,2018-10-20,토,,16658,5857,22515,13.2,
293,2018-10-21,일,,15861,5505,21366,15.2,
294,2018-10-22,월,,2265,2190,4455,14.5,
295,2018-10-23,화,비,1350,1055,2405,12.4,
296,2018-10-24,수,맑음,2693,2547,5240,12.7,
297,2018-10-25,목,구름 조금,3396,3266,6662,13.1,
298,2018-10-26,금,비,13684,602,14286,13.4,
299,2018-10-27,토,구름 많음,14941,6620,21561,13.4,
300,2018-10-28,일,비,3568,1348,4916,14.0,
301,2018-10-29,월,구름 많음,1550,1792,3342,12.2,5.0
302,2018-10-30,화,구름 조금,1727,2059,3786,12.5,
303,2018-10-31,수,맑음,3799,1931,5730,13.8,
304,2018-11-01,목,맑음,1581,2342,3923,12.2,11.0
305,2018-11-02,금,맑음,3208,1944,5152,8.7,
306,2018-11-03,토,맑음,11573,5053,16626,8.3,5.5
307,2018-11-04,일,구름 조금,12125,3778,15903,7.2,0.0
308,2018-11-05,월,구름 조금,1342,1438,2780,6.1,0.0
309,2018-11-06,화,구름 많음,838,1270,2108,7.4,0.0
310,2018-11-07,수,흐림,558,763,1321,8.4,
311,2018-11-08,목,비,249,327,576,10.6,
312,2018-11-09,금,구름 조금,1727,1195,2922,11.2,
313,2018-11-10,토,맑음,4053,2180,6233,11.6,
314,2018-11-11,일,비,3750,1454,5204,11.9,
315,2018-11-12,월,맑음,1129,1187,2316,12.2,
316,2018-11-13,화,맑음,896,1348,2244,12.8,2.0
317,2018-11-14,수,맑음,970,1249,2219,11.8,64.0
318,2018-11-15,목,구름 많음,971,940,1911,12.1,1.0
319,2018-11-16,금,구름 많음,750,876,1626,11.9,0.0
320,2018-11-17,토,구름 많음,4722,1937,6659,8.1,0.0
321,2018-11-18,일,구름 많음,4689,1715,6404,8.1,
322,2018-11-19,월,구름 조금,584,799,1383,8.8,
323,2018-11-20,화,맑음,508,919,1427,9.8,
324,2018-11-21,수,비,315,578,893,9.7,
325,2018-11-22,목,맑음,4251,713,4964,8.8,
326,2018-11-23,금,맑음,466,742,1208,4.9,
327,2018-11-24,토,구름 많음,700,704,1404,6.1,
328,2018-11-25,일,구름 조금,2318,1381,3699,6.5,
329,2018-11-26,월,맑음,439,730,1169,6.5,0.2
330,2018-11-27,화,구름 많음,297,626,923,5.8,1.0
331,2018-11-28,수,구름 조금,241,654,895,2.3,
332,2018-11-29,목,구름 많음,7705,767,8472,1.9,
333,2018-11-30,금,구름 조금,398,589,987,2.6,10.9
334,2018-12-01,토,맑음,2440,1565,4005,4.8,
335,2018-12-02,일,흐림,2221,1160,3381,6.3,
336,2018-12-03,월,흐림,55,301,356,7.1,
337,2018-12-04,화,구름 많음,144,466,610,5.0,
338,2018-12-05,수,구름 많음,213,602,815,3.5,0.0
339,2018-12-06,목,구름 많음,185,693,878,2.7,
340,2018-12-07,금,구름 조금,130,310,440,,
341,2018-12-08,토,구름 조금,323,484,807,5.5,
342,2018-12-09,일,구름 조금,263,545,808,8.2,
343,2018-12-10,월,맑음,125,428,553,11.5,9.5
344,2018-12-11,화,흐림,326,671,997,6.7,5.0
345,2018-12-12,수,맑음,1552,537,2089,0.0,
346,2018-12-13,목,구름 조금,464,390,854,2.4,0.0
347,2018-12-14,금,맑음,96,360,456,-7.3,
348,2018-12-15,토,구름 조금,594,787,1381,-8.3,
349,2018-12-16,일,흐림,429,705,1134,-7.2,
350,2018-12-17,월,맑음,159,497,656,-2.5,
351,2018-12-18,화,구름 조금,177,684,861,0.2,
352,2018-12-19,수,구름 조금,207,602,809,-1.9,
353,2018-12-20,목,구름 조금,269,607,876,-2.2,1.3
354,2018-12-21,금,구름 많음,1102,528,1630,-4.4,
355,2018-12-22,토,구름 조금,972,1010,1982,-2.4,
356,2018-12-23,일,맑음,1638,1310,2948,0.0,0.3
357,2018-12-24,월,맑음,499,483,982,1.6,0.3
358,2018-12-25,화,흐림,1709,693,2402,2.6,
359,2018-12-26,수,구름 조금,250,502,752,4.0,
360,2018-12-27,목,맑음,3498,445,3943,3.4,
361,2018-12-28,금,맑음,70,287,357,5.6,
362,2018-12-29,토,맑음,238,496,734,6.9,
363,2018-12-30,일,맑음,449,466,915,2.4,
364,2018-12-31,월,맑음,390,444,834,-2.3,
365,2019-01-01,화,구름 조금,919,605,1524,-5.0,
366,2019-01-02,수,맑음,175,459,634,-4.9,
367,2019-01-03,목,맑음,182,595,777,-3.5,
368,2019-01-04,금,구름 많음,181,509,690,-1.1,
369,2019-01-05,토,,740,861,1601,-2.8,
370,2019-01-06,일,,1013,1044,2057,-2.8,
371,2019-01-07,월,,213,560,773,-1.9,
372,2019-01-08,화,,152,652,804,-3.5,
373,2019-01-09,수,구름 많음,100,429,529,-4.7,
374,2019-01-10,목,구름 많음,203,636,839,-0.6,
375,2019-01-11,금,,248,566,814,2.4,
376,2019-01-12,토,맑음,839,1016,1855,2.8,
377,2019-01-13,일,,887,793,1680,1.2,
378,2019-01-14,월,,112,321,433,1.4,
379,2019-01-15,화,,119,374,493,-1.7,0.0
380,2019-01-16,수,맑음,169,505,674,-5.2,0.0
381,2019-01-17,목,맑음,544,676,1220,-0.3,0.0
382,2019-01-18,금,맑음,238,572,810,0.6,
383,2019-01-19,토,흐림,886,852,1738,3.6,
384,2019-01-20,일,맑음,1139,925,2064,-1.4,
385,2019-01-21,월,구름 조금,214,517,731,-1.2,0.0
386,2019-01-22,화,구름 조금,300,688,988,1.7,
387,2019-01-23,수,맑음,213,543,756,2.0,
388,2019-01-24,목,구름 조금,290,720,1010,0.1,
389,2019-01-25,금,,256,626,882,-1.2,
390,2019-01-26,토,,885,1138,2023,-2.5,
391,2019-01-27,일,,1400,991,2391,-0.1,
392,2019-01-28,월,,223,480,703,1.2,0.0
393,2019-01-29,화,구름 조금,313,625,938,-0.2,
394,2019-01-30,수,구름 많음,215,501,716,1.8,
395,2019-01-31,목,구름 많음,1089,535,1624,-2.0,
396,2019-02-01,금,맑음,168,458,626,-2.1,0.3
397,2019-02-02,토,구름 많음,780,850,1630,1.4,0.0
398,2019-02-03,일,비,148,257,405,3.3,16.0
399,2019-02-04,월,,1883,667,2550,-0.6,
400,2019-02-05,화,,3064,791,3855,2.8,
401,2019-02-06,수,,2453,1593,4046,5.1,
402,2019-02-07,목,구름 조금,433,563,996,-2.1,0.5
403,2019-02-08,금,,395,376,771,-6.1,
404,2019-02-09,토,맑음,910,861,1771,-5.4,
405,2019-02-10,일,구름 많음,849,803,1652,-5.0,
406,2019-02-11,월,맑음,231,501,732,-3.0,
407,2019-02-12,화,구름 조금,270,771,1041,-0.6,0.0
408,2019-02-13,수,맑음,254,663,917,-2.1,
409,2019-02-14,목,구름 많음,706,584,1290,-0.5,
410,2019-02-15,금,흐림,130,457,587,-0.8,2.2
411,2019-02-16,토,맑음,987,902,1889,-2.7,0.2
412,2019-02-17,일,맑음,1788,1046,2834,-1.8,
413,2019-02-18,월,,520,564,1084,0.9,
414,2019-02-19,화,,106,408,514,1.4,4.6
415,2019-02-20,수,,250,582,832,1.7,0.0
416,2019-02-21,목,맑음,374,624,998,2.4,
417,2019-02-22,금,구름 많음,373,632,1005,4.0,
418,2019-02-23,토,맑음,2638,1448,4086,6.8,
419,2019-02-24,일,,5261,2205,7466,6.3,
420,2019-02-25,월,,750,678,1428,4.7,
421,2019-02-26,화,,1273,1012,2285,5.2,
422,2019-02-27,수,구름 많음,1716,879,2595,7.8,
423,2019-02-28,목,구름 조금,1210,925,2135,6.6,
424,2019-03-01,금,,4730,1534,6264,,
425,2019-03-02,토,,4064,1427,5491,,
426,2019-03-03,일,,3160,1233,4393,,
427,2019-03-04,월,,356,466,822,6.6,
428,2019-03-05,화,구름 많음,213,436,649,7.8,
429,2019-03-06,수,구름 많음,130,383,513,9.4,
430,2019-03-07,목,,516,680,1196,9.9,
431,2019-03-08,금,,792,830,1622,8.4,
432,2019-03-09,토,,12602,5231,17833,8.4,
433,2019-03-10,일,,6387,2867,9254,7.0,
434,2019-03-11,월,,420,605,1025,6.1,
435,2019-03-12,화,,741,585,1326,7.2,
436,2019-03-13,수,,361,703,1064,10.1,
437,2019-03-14,목,,492,859,1351,6.6,0.0
438,2019-03-15,금,눈/비,397,566,963,3.9,0.0
439,2019-03-16,토,구름 많음,5645,3077,8722,3.5,0.0
440,2019-03-17,일,,12169,3549,15718,5.0,0.0
441,2019-03-18,월,,1055,890,1945,5.5,3.5
442,2019-03-19,화,,973,1104,2077,4.3,
443,2019-03-20,수,흐림,253,506,759,6.3,
444,2019-03-21,목,구름 많음,446,698,1144,7.1,
445,2019-03-22,금,맑음,668,809,1477,10.0,
446,2019-03-23,토,눈/비,2097,1465,3562,10.3,16.5
447,2019-03-24,일,맑음,10039,2748,12787,7.1,3.3
448,2019-03-25,월,구름 많음,768,770,1538,3.3,
449,2019-03-26,화,구름 조금,791,953,1744,3.3,1.7
450,2019-03-27,수,구름 많음,504,613,1117,4.3,
451,2019-03-28,목,구름 많음,761,904,1665,7.3,
452,2019-03-29,금,구름 조금,1644,1226,2870,11.4,
453,2019-03-30,토,흐림,1539,913,2452,11.6,
454,2019-03-31,일,구름 조금,3061,1357,4418,9.4,
455,2019-04-01,월,구름 조금,1064,812,1876,9.2,
456,2019-04-02,화,구름 조금,1020,1061,2081,5.2,1.8
457,2019-04-03,수,맑음,2749,1208,3957,4.4,0.0
458,2019-04-04,목,맑음,1630,1430,3060,5.5,
459,2019-04-05,금,맑음,2991,1109,4100,6.7,
460,2019-04-06,토,비,8490,2782,11272,7.6,
461,2019-04-07,일,구름 조금,24842,7082,31924,9.2,
462,2019-04-08,월,맑음,3885,1616,5501,11.4,0.0
463,2019-04-09,화,비,1388,1641,3029,9.3,0.8
464,2019-04-10,수,흐림,973,1151,2124,12.6,
465,2019-04-11,목,구름 많음,5834,2743,8577,11.6,
466,2019-04-12,금,맑음,5313,3983,9296,9.2,17.4
467,2019-04-13,토,구름 많음,29273,9927,39200,7.1,5.6
468,2019-04-14,일,흐림,3675,1342,5017,9.5,
469,2019-04-15,월,맑음,3835,2721,6556,11.4,
470,2019-04-16,화,구름 많음,3146,3836,6982,11.8,
471,2019-04-17,수,맑음,3198,2842,6040,9.6,1.7
472,2019-04-18,목,,1905,2886,4791,11.6,
473,2019-04-19,금,,3354,3140,6494,14.9,
474,2019-04-20,토,,21975,7444,29419,15.3,
475,2019-04-21,일,,15243,4631,19874,12.6,0.0
476,2019-04-22,월,맑음,2811,1634,4445,13.8,
477,2019-04-23,화,흐림,1900,2005,3905,14.3,1.2
478,2019-04-24,수,구름 많음,1451,2024,3475,14.8,0.3
479,2019-04-25,목,비,5373,1496,6869,19.3,
480,2019-04-26,금,구름 많음,2315,1235,3550,20.4,0.0
481,2019-04-27,토,구름 조금,18863,4914,23777,19.5,4.1
482,2019-04-28,일,구름 많음,13786,4178,17964,13.2,11.3
483,2019-04-29,월,흐림,1437,1846,3283,8.4,4.9
484,2019-04-30,화,,3044,3789,6833,11.6,
485,2019-05-01,수,,19887,6440,26327,12.9,0.0
486,2019-05-02,목,,4446,2531,6977,13.0,
487,2019-05-03,금,맑음,6433,3156,9589,15.5,
488,2019-05-04,토,구름 조금,12766,4600,17366,,
489,2019-05-05,일,구름 조금,21667,21588,43255,16.4,
490,2019-05-06,월,맑음,21068,10802,31870,17.1,
491,2019-05-07,화,맑음,2780,1754,4534,17.9,
492,2019-05-08,수,구름 많음,1655,1919,3574,19.5,
493,2019-05-09,목,구름 조금,2488,3084,5572,19.2,
494,2019-05-10,금,구름 조금,4231,3470,7701,14.5,0.0
495,2019-05-11,토,,11954,5139,17093,15.0,
496,2019-05-12,일,,12681,4689,17370,15.6,
497,2019-05-13,월,,1443,1751,3194,16.6,
498,2019-05-14,화,,4041,2488,6529,17.8,
499,2019-05-15,수,구름 조금,3497,2597,6094,20.3,
500,2019-05-16,목,맑음,1861,3339,5200,21.6,
501,2019-05-17,금,구름 많음,5121,3824,8945,18.7,0.0
502,2019-05-18,토,,11712,4564,16276,19.6,
503,2019-05-19,일,,1467,1199,2666,20.7,
504,2019-05-20,월,,1905,1861,3766,23.5,
505,2019-05-21,화,,3939,3582,7521,23.6,
506,2019-05-22,수,구름 조금,2272,3847,6119,22.8,0.0
507,2019-05-23,목,,2621,3439,6060,19.4,22.0
508,2019-05-24,금,,4680,2573,7253,16.4,8.7
509,2019-05-25,토,,16707,6533,23240,17.2,
510,2019-05-26,일,,18780,6795,25575,19.5,
511,2019-05-27,월,흐림,473,689,1162,22.1,
512,2019-05-28,화,맑음,4240,5132,9372,24.2,
513,2019-05-29,수,맑음,4039,3987,8026,23.4,
514,2019-05-30,목,구름 많음,14773,4577,19350,24.5,
515,2019-05-31,금,구름 조금,4894,3865,8759,17.8,7.1
516,2019-06-01,토,구름 많음,19216,7148,26364,18.1,
517,2019-06-02,일,맑음,17606,7843,25449,20.3,
518,2019-06-03,월,맑음,3090,2966,6056,19.6,0.0
519,2019-06-04,화,,3196,3332,6528,19.1,
520,2019-06-05,수,,3815,3160,6975,18.9,
521,2019-06-06,목,,14809,7153,21962,21.1,
522,2019-06-07,금,흐림,1597,1015,2612,23.1,
523,2019-06-08,토,맑음,18388,8787,27175,22.6,
524,2019-06-09,일,비,9791,5734,15525,23.0,
525,2019-06-10,월,흐림,1241,1832,3073,21.2,7.5
526,2019-06-11,화,구름 많음,1674,3059,4733,20.0,35.3
527,2019-06-12,수,맑음,2592,2200,4792,21.9,
528,2019-06-13,목,맑음,1280,2081,3361,21.6,2.5
529,2019-06-14,금,구름 많음,1481,1960,3441,18.4,9.5
530,2019-06-15,토,비,8612,4312,12924,20.5,
531,2019-06-16,일,맑음,10391,4289,14680,21.5,
532,2019-06-17,월,맑음,1719,1428,3147,23.0,
533,2019-06-18,화,비,843,1242,2085,23.0,
534,2019-06-19,수,,917,1295,2212,21.9,2.1
535,2019-06-20,목,,1227,2044,3271,22.0,
536,2019-06-21,금,,1009,1448,2457,21.7,0.0
537,2019-06-22,토,,8684,3917,12601,20.8,13.8
538,2019-06-23,일,맑음,8066,3223,11289,21.4,0.2
539,2019-06-24,월,맑음,1807,1114,2921,22.7,
540,2019-06-25,화,맑음,810,1228,2038,22.1,0.2
541,2019-06-26,수,구름 많음,677,1277,1954,24.2,
542,2019-06-27,목,구름 많음,650,937,1587,25.0,
543,2019-06-28,금,소나기,16017,1109,17126,25.2,
544,2019-06-29,토,흐림,3108,1635,4743,25.6,
545,2019-06-30,일,,6680,2742,9422,25.5,0.0
546,2019-07-01,월,,975,1051,2026,25.5,1.4
547,2019-07-02,화,,806,1270,2076,24.7,0.0
548,2019-07-03,수,,715,831,1546,23.1,1.5
549,2019-07-04,목,맑음,712,959,1671,23.9,0.0
550,2019-07-05,금,맑음,655,689,1344,,
551,2019-07-06,토,맑음,2186,1461,3647,23.9,
552,2019-07-07,일,맑음,2564,1543,4107,24.4,
553,2019-07-08,월,구름 많음,726,714,1440,24.1,
554,2019-07-09,화,,710,1068,1778,25.4,
555,2019-07-10,수,,573,839,1412,27.6,0.0
556,2019-07-11,목,,557,543,1100,29.7,
557,2019-07-12,금,,1193,877,2070,26.7,
558,2019-07-13,토,흐림,4517,2697,7214,25.1,
559,2019-07-14,일,소나기,4001,2263,6264,25.0,
560,2019-07-15,월,소나기,476,584,1060,22.7,8.5
561,2019-07-16,화,,727,957,1684,21.9,2.9
562,2019-07-17,수,,648,691,1339,23.6,
563,2019-07-18,목,,1814,829,2643,24.9,0.0
564,2019-07-19,금,맑음,625,730,1355,25.9,
565,2019-07-20,토,비,1238,1230,2468,23.8,7.7
566,2019-07-21,일,흐림,1573,1339,2912,24.7,6.3
567,2019-07-22,월,구름 많음,786,643,1429,25.6,0.7
568,2019-07-23,화,소나기,592,778,1370,26.9,
569,2019-07-24,수,비,297,468,765,28.6,0.0
570,2019-07-25,목,흐림,238,392,630,28.0,1.1
571,2019-07-26,금,비,12550,154,12704,25.1,6.2
572,2019-07-27,토,흐림,1760,1074,2834,26.7,0.1
573,2019-07-28,일,비,494,650,1144,28.1,
574,2019-07-29,월,구름 많음,2020,901,2921,26.5,1.0
575,2019-07-30,화,소나기,1369,861,2230,26.3,9.7
576,2019-07-31,수,비,364,360,724,25.1,60.0
577,2019-08-01,목,,1862,1176,3038,28.4,0.6
578,2019-08-02,금,,1987,899,2886,26.1,25.6
579,2019-08-03,토,,1648,1037,2685,27.5,0.5
580,2019-08-04,일,,1508,960,2468,28.1,1.2
581,2019-08-05,월,구름 많음,656,397,1053,25.8,62.3
582,2019-08-06,화,구름 많음,6680,524,7204,26.3,26.9
583,2019-08-07,수,맑음,715,482,1197,28.4,
584,2019-08-08,목,소나기,710,540,1250,29.4,3.0
585,2019-08-09,금,맑음,500,386,886,28.3,8.6
586,2019-08-10,토,맑음,1080,705,1785,30.5,
587,2019-08-11,일,,1792,865,2657,31.6,
588,2019-08-12,월,,179,249,428,26.9,8.0
589,2019-08-13,화,,592,593,1185,28.9,0.0
590,2019-08-14,수,,407,465,872,29.8,
591,2019-08-15,목,비,598,522,1120,31.5,
592,2019-08-16,금,구름 많음,2833,754,3587,30.4,6.7
593,2019-08-17,토,구름 많음,3487,1943,5430,26.6,56.2
594,2019-08-18,일,맑음,5370,2300,7670,29.2,6.4
595,2019-08-19,월,맑음,1053,801,1854,30.4,
596,2019-08-20,화,,809,621,1430,25.9,16.2
597,2019-08-21,수,,691,637,1328,25.9,0.1
598,2019-08-22,목,,675,515,1190,25.9,0.0
599,2019-08-23,금,,981,882,1863,25.6,
600,2019-08-24,토,구름 많음,7057,3727,10784,26.3,
601,2019-08-25,일,맑음,8138,2869,11007,28.2,
602,2019-08-26,월,맑음,1002,819,1821,27.0,1.3
603,2019-08-27,화,구름 많음,921,790,1711,26.9,
604,2019-08-28,수,구름 많음,830,849,1679,26.2,
605,2019-08-29,목,비,4578,620,5198,24.1,
606,2019-08-30,금,소나기,1398,906,2304,25.0,
607,2019-08-31,토,맑음,10863,4565,15428,26.4,
608,2019-09-01,일,구름 많음,10416,4006,14422,25.7,20.0
609,2019-09-02,월,흐림,1127,867,1994,26.1,
610,2019-09-03,화,비,806,984,1790,23.4,36.9
611,2019-09-04,수,비,77,383,460,22.6,0.2
612,2019-09-05,목,비,307,457,764,23.5,
613,2019-09-06,금,구름 많음,517,481,998,23.7,
614,2019-09-08,일,,4444,1589,6033,24.4,
615,2019-09-09,월,,370,555,925,24.1,0.0
616,2019-09-10,화,,537,450,987,22.8,22.7
617,2019-09-11,수,흐림,1068,702,1770,23.0,36.4
618,2019-09-12,목,비,4032,1428,5460,25.3,2.4
619,2019-09-13,금,맑음,14805,5017,19822,25.7,2.8
620,2019-09-14,토,비,11457,4663,16120,24.7,0.0
621,2019-09-15,일,구름 많음,10628,3558,14186,25.1,0.0
622,2019-09-16,월,맑음,1769,1413,3182,23.8,63.2
623,2019-09-17,화,맑음,1037,1574,2611,24.3,7.6
624,2019-09-18,수,맑음,1385,1787,3172,21.0,3.9
625,2019-09-19,목,맑음,1400,2031,3431,23.3,0.1
626,2019-09-20,금,흐림,2772,1791,4563,22.4,0.3
627,2019-09-21,토,,6778,3349,10127,24.2,
628,2019-09-22,일,,479,647,1126,24.5,
629,2019-09-23,월,,1705,1294,2999,23.5,
630,2019-09-24,화,,1684,2452,4136,21.0,
631,2019-09-25,수,구름 많음,1822,2126,3948,19.5,
632,2019-09-26,목,,8647,2476,11123,19.6,
633,2019-09-27,금,구름 많음,1920,2704,4624,19.6,
634,2019-09-28,토,구름 많음,15517,7120,22637,18.6,0.4
635,2019-09-29,일,맑음,13878,5087,18965,20.0,
636,2019-09-30,월,맑음,2844,1254,4098,19.8,
637,2019-10-01,화,구름 많음,1613,1883,3496,20.9,
638,2019-10-02,수,비,1403,848,2251,22.9,
639,2019-10-03,목,구름 많음,11682,3655,15337,22.9,
640,2019-10-04,금,맑음,8694,3188,11882,23.7,
641,2019-10-05,토,비,11684,4684,16368,22.6,
642,2019-10-06,일,구름 많음,14534,5062,19596,22.4,
643,2019-10-07,월,비,111,342,453,,
644,2019-10-08,화,맑음,3931,2834,6765,23.1,
645,2019-10-09,수,맑음,19712,5821,25533,21.6,23.1
646,2019-10-10,목,흐림,2168,1984,4152,22.4,4.6
647,2019-10-11,금,맑음,3577,2867,6444,22.4,
648,2019-10-12,토,,14233,3832,18065,18.7,0.6
649,2019-10-13,일,,15106,3346,18452,18.1,
650,2019-10-14,월,,2041,1380,3421,14.8,25.4
651,2019-10-15,화,,2448,2380,4828,14.7,
652,2019-10-16,수,맑음,2045,2580,4625,13.6,
653,2019-10-17,목,,4377,2715,7092,15.2,
654,2019-10-18,금,,6025,2720,8745,18.8,
655,2019-10-19,토,,14563,4603,19166,17.9,
656,2019-10-20,일,,13232,2922,16154,17.2,
657,2019-10-21,월,맑음,2545,1590,4135,14.4,
658,2019-10-22,화,구름 많음,2197,2323,4520,14.5,
659,2019-10-23,수,구름 많음,3259,2281,5540,14.6,
660,2019-10-24,목,구름 많음,2235,2106,4341,15.4,
661,2019-10-25,금,맑음,5565,2568,8133,17.0,
662,2019-10-26,토,구름 많음,12671,4938,17609,17.0,
663,2019-10-27,일,구름 많음,13425,3267,16692,16.5,
664,2019-10-28,월,,1837,1481,3318,17.1,
665,2019-10-29,화,,2014,1777,3791,18.1,
666,2019-10-30,수,,10473,2472,12945,17.0,
667,2019-10-31,목,,2069,1945,4014,18.3,
668,2019-11-01,금,맑음,2153,1305,3458,16.7,0.0
669,2019-11-02,토,구름 많음,10248,3778,14026,10.0,
670,2019-11-03,일,구름 많음,9594,2354,11948,11.0,
671,2019-11-04,월,맑음,2100,1877,3977,12.9,1.7
672,2019-11-05,화,,1527,1917,3444,12.5,0.1
673,2019-11-06,수,,1599,1487,3086,11.2,
674,2019-11-07,목,,1789,1784,3573,14.8,
675,2019-11-08,금,,2696,1896,4592,14.9,
676,2019-11-09,토,맑음,9528,2857,12385,13.6,
677,2019-11-10,일,흐림,6981,2325,9306,14.7,
678,2019-11-11,월,,964,1280,2244,13.8,
679,2019-11-12,화,,1292,1575,2867,12.4,
680,2019-11-13,수,,290,790,1080,11.0,
681,2019-11-14,목,맑음,3142,748,3890,9.2,
682,2019-11-15,금,,203,415,618,6.8,
683,2019-11-16,토,,4251,1988,6239,9.5,
684,2019-11-17,일,,301,761,1062,10.0,11.8
685,2019-11-18,월,,355,538,893,11.2,1.1
686,2019-11-19,화,,2199,785,2984,9.3,
687,2019-11-20,수,,353,677,1030,7.2,7.5
688,2019-11-21,목,,360,800,1160,1.3,
689,2019-11-22,금,,773,927,1700,5.6,18.8
690,2019-11-23,토,구름 많음,5609,2232,7841,6.8,
691,2019-11-24,일,,2456,1293,3749,8.3,21.1
692,2019-11-25,월,,329,593,922,4.6,14.7
693,2019-11-26,화,,467,910,1377,0.2,0.0
694,2019-11-27,수,,505,718,1223,0.5,
695,2019-11-28,목,구름 많음,327,714,1041,4.2,
696,2019-11-29,금,맑음,17519,613,18132,9.7,
697,2019-11-30,토,구름 많음,2491,1236,3727,12.1,
698,2019-12-01,일,비,229,607,836,9.8,3.8
699,2019-12-02,월,,286,527,813,1.9,
700,2019-12-03,화,,119,577,696,6.6,
701,2019-12-04,수,,226,564,790,3.1,
702,2019-12-05,목,맑음,131,574,705,3.5,
703,2019-12-06,금,맑음,113,294,407,1.5,
704,2019-12-07,토,,497,829,1326,4.1,
705,2019-12-08,일,,1137,985,2122,,
706,2019-12-09,월,,165,456,621,4.6,3.3
707,2019-12-10,화,,136,572,708,-0.1,
708,2019-12-11,수,맑음,137,508,645,0.5,0.6
709,2019-12-12,목,,573,580,1153,2.0,0.0
710,2019-12-13,금,,237,512,749,-4.4,
711,2019-12-14,토,,1124,1058,2182,-5.9,
712,2019-12-15,일,,2325,1162,3487,-2.4,0.1
713,2019-12-16,월,,436,648,1084,-0.9,
714,2019-12-17,화,,159,314,473,3.2,0.0
715,2019-12-18,수,,907,671,1578,8.1,1.7
716,2019-12-19,목,,202,577,779,6.3,0.2
717,2019-12-20,금,,220,505,725,-0.7,
718,2019-12-21,토,,727,934,1661,2.1,1.0
719,2019-12-22,일,흐림,1161,806,1967,2.7,0.0
720,2019-12-23,월,구름 많음,281,418,699,5.3,
721,2019-12-24,화,맑음,362,597,959,7.8,
722,2019-12-25,수,흐림,2121,737,2858,7.7,9.8
723,2019-12-26,목,흐림,145,403,548,0.8,
724,2019-12-27,금,맑음,819,483,1302,-0.8,0.0
725,2019-12-28,토,흐림,1074,1036,2110,-1.1,0.0
726,2019-12-29,일,,6067,846,6913,-1.2,0.6
727,2019-12-30,월,,413,450,863,4.1,0.3
728,2019-12-31,화,,189,359,548,3.4,2.9
729,2020-01-01,수,흐림,774,465,1239,-2.2,0.1
730,2020-01-02,목,맑음,316,550,866,1.0,
731,2020-01-03,금,맑음,321,491,812,-0.1,
732,2020-01-04,토,맑음,1128,931,2059,1.2,
733,2020-01-05,일,맑음,1520,1201,2721,1.3,
734,2020-01-06,월,비,99,367,466,3.1,1.8
735,2020-01-07,화,비,21,260,281,6.3,46.3
736,2020-01-08,수,흐림,147,475,622,2.4,11.6
737,2020-01-09,목,맑음,726,556,1282,-1.2,
738,2020-01-10,금,맑음,278,508,786,-0.6,
739,2020-01-11,토,맑음,1109,852,1961,-0.1,
740,2020-01-12,일,구름 많음,1179,1001,2180,-1.0,
741,2020-01-13,월,맑음,250,482,732,-2.9,
742,2020-01-14,화,구름 많음,229,666,895,-2.3,
743,2020-01-15,수,맑음,298,559,857,-2.7,
744,2020-01-16,목,구름 많음,197,565,762,-1.7,
745,2020-01-17,금,맑음,281,393,674,-0.6,
746,2020-01-18,토,맑음,1248,1177,2425,0.3,
747,2020-01-19,일,맑음,678,861,1539,1.9,0.6
748,2020-01-20,월,맑음,325,436,761,0.7,
749,2020-01-21,화,맑음,236,527,763,-0.4,
750,2020-01-22,수,구름 많음,294,486,780,3.0,
751,2020-01-23,목,맑음,401,408,809,4.6,
752,2020-01-24,금,맑음,1459,582,2041,2.8,
753,2020-01-25,토,맑음,2931,869,3800,4.3,
754,2020-01-26,일,맑음,3625,972,4597,5.5,
755,2020-01-27,월,흐림,1353,883,2236,5.9,0.1
756,2020-01-28,화,흐림,393,532,925,6.8,0.0
757,2020-01-29,수,흐림,274,483,757,6.0,
758,2020-01-30,목,구름 많음,1530,483,2013,5.2,
759,2020-01-31,금,구름 많음,232,396,628,3.9,0.0
760,2020-02-01,토,구름 많음,546,705,1251,2.6,
761,2020-02-02,일,구름 많음,531,611,1142,1.5,
762,2020-02-03,월,맑음,175,346,521,-0.4,0.0
763,2020-02-04,화,흐림,113,367,480,-1.6,1.7
764,2020-02-05,수,맑음,62,239,301,-8.3,
765,2020-02-06,목,맑음,100,243,343,-6.4,
766,2020-02-07,금,흐림,115,300,415,-1.7,0.0
767,2020-02-08,토,맑음,687,626,1313,-0.1,0.0
768,2020-02-09,일,맑음,873,611,1484,-0.5,0.0
769,2020-02-10,월,맑음,343,417,760,4.0,0.0
770,2020-02-11,화,맑음,417,570,987,6.8,
771,2020-02-12,수,비,50,228,278,7.4,6.7
772,2020-02-13,목,흐림,251,470,721,6.5,
773,2020-02-14,금,맑음,533,516,1049,8.1,
774,2020-02-15,토,흐림,2145,1081,3226,9.8,2.0
775,2020-02-16,일,눈,231,434,665,-1.4,13.4
776,2020-02-17,월,눈,91,287,378,-5.9,1.0
777,2020-02-18,화,맑음,153,477,630,-4.1,
778,2020-02-19,수,맑음,254,568,822,1.0,
779,2020-02-20,목,맑음,362,520,882,4.6,
780,2020-02-21,금,흐림,200,365,565,6.7,4.2
781,2020-02-22,토,맑음,370,421,791,4.0,3.1
782,2020-02-23,일,맑음,1168,546,1714,2.5,
783,2020-02-24,월,구름 많음,248,271,519,7.0,
784,2020-02-25,화,비,14,63,77,6.7,16.6
785,2020-02-26,수,흐림,945,330,1275,6.4,0.0
786,2020-02-27,목,맑음,340,347,687,6.1,
787,2020-02-28,금,비,1105,105,1210,4.5,3.9
788,2020-02-29,토,맑음,821,563,1384,7.7,0.5
789,2020-03-01,일,흐림,635,427,1062,,
790,2020-03-02,월,맑음,286,280,566,,
791,2020-03-03,화,맑음,249,320,569,5.8,0.2
792,2020-03-04,수,비/눈,134,238,372,3.4,0.0
793,2020-03-05,목,맑음,305,280,585,4.8,
794,2020-03-06,금,맑음,443,350,793,2.2,0.0
795,2020-03-07,토,구름 많음,1522,616,2138,1.4,
796,2020-03-08,일,맑음,3451,1133,4584,3.7,
797,2020-03-09,월,흐림,540,380,920,7.0,
798,2020-03-10,화,비,20,114,134,9.3,
799,2020-03-11,수,맑음,672,445,1117,11.1,
800,2020-03-12,목,맑음,691,521,1212,6.4,11.8
801,2020-03-13,금,맑음,531,376,907,3.8,
802,2020-03-14,토,구름 많음,2590,979,3569,6.8,
803,2020-03-15,일,흐림,2009,674,2683,4.9,0.5
804,2020-03-16,월,맑음,472,397,869,3.6,
805,2020-03-17,화,구름 많음,298,298,596,4.0,
806,2020-03-18,수,맑음,1146,662,1808,3.6,
807,2020-03-19,목,맑음,52,126,178,6.6,
808,2020-03-20,금,구름 많음,966,603,1569,10.0,
809,2020-03-21,토,구름 많음,4666,1241,5907,9.1,0.0
810,2020-03-22,일,맑음,6341,1403,7744,8.8,
811,2020-03-23,월,맑음,1214,600,1814,12.8,
812,2020-03-24,화,맑음,1229,759,1988,11.0,
813,2020-03-25,수,맑음,1245,753,1998,10.6,
814,2020-03-26,목,흐림,683,535,1218,11.4,
815,2020-03-27,금,맑음,925,537,1462,12.5,
816,2020-03-28,토,맑음,4533,1654,6187,14.8,1.8
817,2020-03-29,일,맑음,7355,1467,8822,11.9,2.0
818,2020-03-30,월,맑음,1564,695,2259,7.7,
819,2020-03-31,화,맑음,1785,1009,2794,8.7,
820,2020-04-01,수,맑음,1411,908,2319,10.2,
821,2020-04-02,목,구름 많음,1932,1143,3075,11.9,
822,2020-04-03,금,맑음,2162,1055,3217,11.3,
823,2020-04-04,토,맑음,5974,1839,7813,9.3,
824,2020-04-05,일,맑음,5993,1700,7693,10.0,
825,2020-04-06,월,맑음,1601,960,2561,8.9,
826,2020-04-07,화,맑음,1459,974,2433,7.2,
827,2020-04-08,수,맑음,1548,1086,2634,9.3,
828,2020-04-09,목,구름 많음,1237,960,2197,10.6,
829,2020-04-10,금,구름 많음,1691,876,2567,9.4,
830,2020-04-11,토,맑음,4869,1612,6481,8.9,
831,2020-04-12,일,구름 많음,4518,1199,5717,10.7,
832,2020-04-13,월,맑음,1585,819,2404,9.9,
833,2020-04-14,화,맑음,2474,994,3468,9.9,
834,2020-04-15,수,맑음,5919,1473,7392,12.4,
835,2020-04-16,목,맑음,1652,996,2648,13.0,
836,2020-04-17,금,비,62,160,222,13.2,
837,2020-04-18,토,맑음,8281,2044,10325,16.0,
838,2020-04-19,일,흐림,2048,844,2892,12.5,6.5
839,2020-04-20,월,비,306,413,719,13.5,
840,2020-04-21,화,구름 많음,491,548,1039,12.3,10.3
841,2020-04-22,수,흐림,180,319,499,10.0,0.1
842,2020-04-23,목,구름 많음,2421,590,3011,7.4,
843,2020-04-24,금,맑음,967,605,1572,6.0,0.0
844,2020-04-25,토,구름 많음,5705,2152,7857,7.9,
845,2020-04-26,일,구름 많음,9962,2056,12018,9.9,
846,2020-04-27,월,구름 많음,1405,863,2268,13.1,
847,2020-04-28,화,맑음,1862,1118,2980,12.3,
848,2020-04-29,수,구름 많음,3271,985,4256,12.9,
849,2020-04-30,목,맑음,13003,3595,16598,13.9,
850,2020-05-01,금,맑음,12170,3563,15733,14.9,
851,2020-05-02,토,흐림,9814,3783,13597,17.1,
852,2020-05-03,일,흐림,8879,1680,10559,,
853,2020-05-04,월,구름 많음,7927,2073,10000,20.2,
854,2020-05-05,화,비,13523,12384,25907,20.3,0.0
855,2020-05-06,수,맑음,2411,1047,3458,21.8,0.0
856,2020-05-07,목,구름 많음,2825,1021,3846,20.2,
857,2020-05-08,금,구름 많음,1421,842,2263,16.0,
858,2020-05-09,토,비,189,332,521,19.4,
859,2020-05-10,일,구름 많음,5128,1743,6871,20.7,
860,2020-05-11,월,구름 많음,1142,672,1814,19.9,2.3
861,2020-05-12,화,맑음,908,879,1787,14.2,24.4
862,2020-05-13,수,맑음,1557,1087,2644,14.4,1.3
863,2020-05-14,목,구름 많음,1361,1038,2399,16.5,3.4
864,2020-05-15,금,비,29,193,222,14.3,0.7
865,2020-05-16,토,흐림,3405,1429,4834,16.1,
866,2020-05-17,일,구름 많음,7171,1704,8875,19.3,
867,2020-05-18,월,비,494,439,933,16.1,12.0
868,2020-05-19,화,비,293,315,608,16.7,2.5
869,2020-05-20,수,구름 많음,1780,1079,2859,19.1,0.0
870,2020-05-21,목,맑음,1873,1167,3040,19.1,29.8
871,2020-05-22,금,구름 많음,1559,1008,2567,13.0,19.0
872,2020-05-23,토,구름 많음,9514,2524,12038,14.4,0.0
873,2020-05-24,일,구름 많음,4814,1176,5990,17.4,
874,2020-05-25,월,구름 많음,1621,1028,2649,18.5,0.0
875,2020-05-26,화,구름 많음,1067,1024,2091,20.1,0.0
876,2020-05-27,수,맑음,6654,1289,7943,17.1,14.5
877,2020-05-28,목,구름 많음,1581,1248,2829,16.6,
878,2020-05-29,금,맑음,1621,890,2511,16.2,1.5
879,2020-05-30,토,구름 많음,5887,2270,8157,17.4,
880,2020-05-31,일,구름 많음,5962,1784,7746,18.7,0.0
881,2020-06-01,월,맑음,1455,964,2419,20.7,
882,2020-06-02,화,비,238,520,758,22.6,
883,2020-06-03,수,맑음,942,945,1887,21.2,1.0
884,2020-06-04,목,맑음,994,948,1942,19.7,0.4
885,2020-06-05,금,맑음,1360,908,2268,17.9,2.0
886,2020-06-06,토,맑음,6913,2333,9246,22.0,
887,2020-06-07,일,맑음,6121,2185,8306,21.9,0.2
888,2020-06-08,월,맑음,879,920,1799,23.0,
889,2020-06-09,화,맑음,663,921,1584,24.6,
890,2020-06-10,수,구름 많음,703,843,1546,22.7,
891,2020-06-11,목,맑음,752,813,1565,25.0,
892,2020-06-12,금,흐림,966,853,1819,26.7,
893,2020-06-13,토,구름 많음,3208,1413,4621,25.8,6.2
894,2020-06-14,일,맑음,4904,1629,6533,26.1,0.0
895,2020-06-15,월,맑음,933,860,1793,24.7,
896,2020-06-16,화,맑음,708,994,1702,26.9,0.0
897,2020-06-17,수,구름 많음,743,950,1693,24.0,1.1
898,2020-06-18,목,구름 많음,2199,1065,3264,23.0,
899,2020-06-19,금,구름 많음,1034,792,1826,24.4,
900,2020-06-20,토,맑음,4342,1677,6019,24.3,
901,2020-06-21,일,맑음,4052,1460,5512,23.4,
902,2020-06-22,월,맑음,466,509,975,24.7,0.1
903,2020-06-23,화,구름 많음,541,800,1341,24.9,
904,2020-06-24,수,비,42,217,259,26.1,
905,2020-06-25,목,,306,461,767,28.6,
906,2020-06-26,금,흐림,8612,803,9415,27.3,0.0
907,2020-06-27,토,맑음,5238,1606,6844,22.3,37.6
908,2020-06-28,일,맑음,4854,1785,6639,21.6,13.3
909,2020-06-29,월,흐림,1029,674,1703,21.8,2.1
910,2020-06-30,화,비,208,450,658,24.1,0.0
911,2020-07-01,수,구름 많음,842,884,1726,25.2,
912,2020-07-02,목,흐림,838,779,1617,23.8,11.9
913,2020-07-03,금,구름 많음,880,819,1699,20.1,64.7
914,2020-07-04,토,맑음,5427,1738,7165,,
915,2020-07-05,일,구름 많음,5593,1522,7115,21.1,0.0
916,2020-07-06,월,구름 많음,764,597,1361,24.2,
917,2020-07-07,화,구름 많음,732,834,1566,25.5,0.1
918,2020-07-08,수,맑음,643,640,1283,24.2,1.6
919,2020-07-09,목,맑음,513,763,1276,23.8,
920,2020-07-10,금,비,1128,435,1563,25.6,
921,2020-07-11,토,흐림,4997,1525,6522,24.1,0.0
922,2020-07-12,일,구름 많음,5039,1593,6632,25.5,
923,2020-07-13,월,비,40,126,166,27.5,
924,2020-07-14,화,흐림,731,869,1600,24.5,2.2
925,2020-07-15,수,맑음,1013,932,1945,25.8,
926,2020-07-16,목,구름 많음,746,759,1505,23.5,2.9
927,2020-07-17,금,소나기,713,669,1382,18.7,47.6
928,2020-07-18,토,구름 많음,5304,1670,6974,20.3,11.5
929,2020-07-19,일,비,1400,590,1990,23.4,
930,2020-07-20,월,흐림,411,366,777,25.0,
931,2020-07-21,화,구름 많음,757,926,1683,26.0,0.0
932,2020-07-22,수,비,187,438,625,26.1,
933,2020-07-23,목,비,29,312,341,24.0,29.1
934,2020-07-24,금,흐림,329,444,773,23.8,3.6
935,2020-07-25,토,흐림,6924,1945,8869,25.0,0.0
936,2020-07-26,일,구름 많음,6433,1790,8223,23.7,11.5
937,2020-07-27,월,비,392,495,887,21.1,103.1
938,2020-07-28,화,흐림,597,746,1343,22.5,2.9
939,2020-07-29,수,비,4171,313,4484,24.3,0.0
940,2020-07-30,목,흐림,1243,734,1977,25.4,0.0
941,2020-07-31,금,소나기,1995,927,2922,24.3,2.2
942,2020-08-01,토,비,922,829,1751,24.4,0.4
943,2020-08-02,일,,336,408,744,23.7,50.1
944,2020-08-03,월,비,183,141,324,25.3,0.1
945,2020-08-04,화,비,758,490,1248,26.2,1.5
946,2020-08-05,수,비,336,371,707,25.3,39.1
947,2020-08-06,목,비,570,288,858,24.9,31.4
948,2020-08-07,금,흐림,1474,664,2138,25.0,102.6
949,2020-08-08,토,비,1811,1105,2916,27.0,3.9
950,2020-08-09,일,비,61,189,250,26.5,18.5
951,2020-08-10,월,비,416,359,775,24.1,75.7
952,2020-08-11,화,비,334,354,688,24.3,0.0
953,2020-08-12,수,흐림,1216,801,2017,24.2,19.1
954,2020-08-13,목,흐림,856,691,1547,24.9,50.3
955,2020-08-14,금,비,524,429,953,26.5,44.6
956,2020-08-15,토,비,689,473,1162,24.6,97.0
957,2020-08-16,일,흐림,5527,1178,6705,27.2,
958,2020-08-17,월,구름 많음,2702,1178,3880,28.0,
959,2020-08-18,화,맑음,410,391,801,27.1,0.4
960,2020-08-19,수,맑음,1263,336,1599,26.1,69.0
961,2020-08-20,목,맑음,220,336,556,27.4,
962,2020-08-21,금,비,197,310,507,28.2,
963,2020-08-22,토,소나기,375,601,976,27.5,
964,2020-08-23,일,맑음,1225,698,1923,27.1,
965,2020-08-24,월,구름 많음,265,306,571,27.7,
966,2020-08-25,화,구름 많음,184,320,504,26.6,2.5
967,2020-08-26,수,구름 많음,189,256,445,24.3,42.6
968,2020-08-27,목,흐림,135,188,323,25.3,
969,2020-08-28,금,소나기,147,292,439,27.8,
970,2020-08-29,토,소나기,325,431,756,29.9,
971,2020-08-30,일,흐림,876,615,1491,30.2,0.6
972,2020-08-31,월,흐림,337,420,757,27.1,8.7
973,2020-09-01,화,흐림,472,438,910,27.3,13.6
974,2020-09-02,수,비,64,201,265,26.8,13.6
975,2020-09-03,목,,4550,417,4967,26.8,42.5
976,2020-09-04,금,,1280,704,1984,26.4,0.0
977,2020-09-05,토,,3344,1136,4480,26.6,0.0
978,2020-09-06,일,,2325,1091,3416,24.3,33.3
979,2020-09-07,월,,16,60,76,22.7,29.8
980,2020-09-08,화,,1432,769,2201,23.3,
981,2020-09-09,수,,480,523,1003,23.3,
982,2020-09-10,목,,1450,793,2243,21.7,6.4
983,2020-09-11,금,,916,641,1557,19.2,61.0
984,2020-09-12,토,,2009,938,2947,23.4,0.0
985,2020-09-13,일,,9874,2985,12859,21.1,1.3
986,2020-09-14,월,,1361,724,2085,22.8,3.9
987,2020-09-15,화,,1250,816,2066,22.4,1.2
988,2020-09-16,수,,372,448,820,20.2,5.7
989,2020-09-17,목,,1099,891,1990,21.5,
990,2020-09-18,금,,2031,1055,3086,21.3,0.0
991,2020-09-19,토,,9477,2701,12178,23.0,
992,2020-09-20,일,,10817,2323,13140,22.5,0.3
993,2020-09-21,월,,1535,712,2247,21.3,
994,2020-09-22,화,,1239,975,2214,21.5,
995,2020-09-23,수,,1301,751,2052,21.2,0.3
996,2020-09-24,목,,1427,871,2298,19.7,
997,2020-09-25,금,,1552,783,2335,19.1,
998,2020-09-26,토,,9522,3925,13447,20.2,
999,2020-09-27,일,,13202,3658,16860,19.2,
1000,2020-09-28,월,,1855,739,2594,20.6,
1001,2020-09-29,화,,1880,728,2608,20.1,
1002,2020-09-30,수,,7109,1877,8986,19.3,
1003,2020-10-01,목,,9957,2408,12365,20.4,
1004,2020-10-02,금,,11778,2545,14323,20.7,
1005,2020-10-03,토,,14097,3898,17995,19.6,
1006,2020-10-04,일,,9577,3355,12932,19.6,38.3
1007,2020-10-05,월,,1730,904,2634,,
1008,2020-10-06,화,,1309,1098,2407,18.8,
1009,2020-10-07,수,,1379,1221,2600,19.2,0.0
1010,2020-10-08,목,,1853,1204,3057,19.9,0.0
1011,2020-10-09,금,,15599,4578,20177,16.6,0.0
1012,2020-10-10,토,,13627,2778,16405,13.3,
1013,2020-10-11,일,,12006,4258,16264,14.2,
1014,2020-10-12,월,,1772,985,2757,16.0,
1015,2020-10-13,화,,1567,1290,2857,17.2,
1016,2020-10-14,수,,1575,1358,2933,17.2,
1017,2020-10-15,목,,2790,1303,4093,16.9,
1018,2020-10-16,금,,1698,1074,2772,16.9,
1019,2020-10-17,토,,12787,3654,16441,16.2,
1020,2020-10-18,일,,15155,4306,19461,13.6,
1021,2020-10-19,월,,1915,1226,3141,12.8,
1022,2020-10-20,화,,1907,1652,3559,11.7,
1023,2020-10-21,수,,1692,1401,3093,11.8,
1024,2020-10-22,목,,1450,1254,2704,13.1,
1025,2020-10-23,금,,2440,1569,4009,13.6,
1026,2020-10-24,토,,12676,3824,16500,15.1,
1027,2020-10-25,일,,15408,3634,19042,15.2,
1028,2020-10-26,월,,2220,1815,4035,14.1,
1029,2020-10-27,화,,1880,1962,3842,13.5,0.0
1030,2020-10-28,수,,9824,1831,11655,8.6,
1031,2020-10-29,목,,2171,2096,4267,8.7,
1032,2020-10-30,금,,2751,2105,4856,11.8,
1033,2020-10-31,토,,15755,4430,20185,12.9,
1034,2020-11-01,일,,1798,965,2763,14.0,
1035,2020-11-02,월,,2062,1770,3832,13.8,
1036,2020-11-03,화,,1139,1381,2520,10.8,
1037,2020-11-04,수,,1111,1035,2146,11.9,
1038,2020-11-05,목,,1477,1614,3091,13.6,
1039,2020-11-06,금,,1579,1233,2812,13.7,13.6
1040,2020-11-07,토,,9915,2906,12821,10.8,1.7
1041,2020-11-08,일,,11359,3335,14694,5.1,0.5
1042,2020-11-09,월,,1016,903,1919,4.9,
1043,2020-11-10,화,,932,1316,2248,9.6,
1044,2020-11-11,수,,1521,1226,2747,13.5,
1045,2020-11-12,목,,1290,1383,2673,14.6,0.1
1046,2020-11-13,금,,2409,966,3375,8.5,
1047,2020-11-14,토,,7478,2324,9802,5.5,
1048,2020-11-15,일,,7671,1776,9447,7.7,
1049,2020-11-16,월,,1039,772,1811,9.3,
1050,2020-11-17,화,,781,904,1685,10.4,
1051,2020-11-18,수,,278,531,809,12.2,
1052,2020-11-19,목,,98,158,256,12.5,
1053,2020-11-20,금,,467,509,976,11.1,
1054,2020-11-21,토,,2938,1163,4101,12.4,
1055,2020-11-22,일,,1861,696,2557,15.9,0.1
1056,2020-11-23,월,,352,410,762,16.6,12.2
1057,2020-11-24,화,,263,556,819,13.6,86.9
1058,2020-11-25,수,,418,493,911,2.8,0.0
1059,2020-11-26,목,,9477,554,10031,6.5,0.2
1060,2020-11-27,금,,338,446,784,5.6,4.8
1061,2020-11-28,토,,931,720,1651,1.7,
1062,2020-11-29,일,,9310,602,9912,2.9,
1063,2020-11-30,월,,203,373,576,4.6,
1064,2020-12-01,화,,204,523,727,5.6,
1065,2020-12-02,수,,197,431,628,4.1,0.0
1066,2020-12-03,목,,221,393,614,-0.1,
1067,2020-12-04,금,,223,455,678,-0.6,
1068,2020-12-05,토,,963,738,1701,-0.2,
1069,2020-12-06,일,,1413,972,2385,,
1070,2020-12-07,월,,560,368,928,1.1,
1071,2020-12-08,화,,126,465,591,2.4,
1072,2020-12-09,수,,203,412,615,0.7,
1073,2020-12-10,목,,209,474,683,-0.6,
1074,2020-12-11,금,,7459,351,7810,2.1,
1075,2020-12-12,토,,905,736,1641,4.5,
1076,2020-12-13,일,,278,366,644,3.4,
1077,2020-12-14,월,,45,172,217,-0.5,
1078,2020-12-15,화,,14,87,101,1.5,
1079,2020-12-16,수,,30,84,114,5.8,0.0
1080,2020-12-17,목,,50,83,133,5.3,
1081,2020-12-18,금,,69,161,230,2.3,
1082,2020-12-19,토,,212,168,380,-1.1,2.9
1083,2020-12-20,일,,451,245,696,-7.7,
1084,2020-12-21,월,,115,116,231,-8.3,
1085,2020-12-22,화,,143,139,282,-8.3,
1086,2020-12-23,수,,153,135,288,-4.9,0.0
1087,2020-12-24,목,,210,137,347,-2.1,0.2
1088,2020-12-25,금,,818,240,1058,-5.1,
1089,2020-12-26,토,,1031,325,1356,-3.7,
1090,2020-12-27,일,,1348,528,1876,-1.0,
1091,2020-12-28,월,,533,269,802,2.0,
1092,2020-12-29,화,,162,82,244,4.5,0.0
1093,2020-12-30,수,,41,31,72,2.6,
1094,2020-12-31,목,,49,90,139,-0.8,
1095,2021-01-01,금,,492,141,633,-4.2,
1096,2021-01-02,토,,652,276,928,-5.0,
1097,2021-01-03,일,,459,166,625,-5.6,
1098,2021-01-04,월,,86,113,199,-3.5,0.0
1099,2021-01-05,화,,63,99,162,-5.5,0.0
1100,2021-01-06,수,,179,86,265,-7.4,2.3
1101,2021-01-07,목,,12,62,74,-14.5,
1102,2021-01-08,금,,15,48,63,-14.9,
1103,2021-01-09,토,,60,105,165,-12.2,
1104,2021-01-10,일,,211,316,527,-7.7,
1105,2021-01-11,월,,31,72,103,-6.7,
1106,2021-01-12,화,,33,143,176,-3.9,2.6
1107,2021-01-13,수,,703,148,851,2.0,0.0
1108,2021-01-14,목,,239,207,446,1.7,
1109,2021-01-15,금,,155,128,283,4.5,0.2
1110,2021-01-16,토,,867,280,1147,-4.9,
1111,2021-01-17,일,,568,203,771,-5.5,0.0
1112,2021-01-18,월,,31,56,87,-3.8,0.3
1113,2021-01-19,화,,83,75,158,-6.3,
1114,2021-01-20,수,,219,179,398,-0.1,
1115,2021-01-21,목,,87,113,200,4.5,9.2
1116,2021-01-22,금,,230,113,343,5.5,0.1
1117,2021-01-23,토,,3877,679,4556,7.6,
1118,2021-01-24,일,,6752,1475,8227,7.3,
1119,2021-01-25,월,,864,268,1132,7.9,
1120,2021-01-26,화,,108,110,218,5.3,1.7
1121,2021-01-27,수,,476,269,745,1.7,
1122,2021-01-28,목,,30,89,119,-2.6,2.0
1123,2021-01-29,금,,43,64,107,-8.8,
1124,2021-01-30,토,,1148,355,1503,-1.6,0.5
1125,2021-01-31,일,,3406,601,4007,3.2,
1126,2021-02-01,월,,331,184,515,5.0,0.7
1127,2021-02-02,화,,93,99,192,-5.6,0.0
1128,2021-02-03,수,,89,119,208,-3.2,3.4
1129,2021-02-04,목,,86,158,244,-3.6,0.1
1130,2021-02-05,금,,195,166,361,1.4,
1131,2021-02-06,토,,2861,651,3512,6.8,
1132,2021-02-07,일,,2109,368,2477,3.6,
1133,2021-02-08,월,,141,105,246,-3.1,
1134,2021-02-09,화,,235,136,371,-0.9,
1135,2021-02-10,수,,516,166,682,3.4,
1136,2021-02-11,목,,3376,574,3950,5.5,
1137,2021-02-12,금,,4248,1282,5530,6.5,
1138,2021-02-13,토,,6492,1096,7588,7.6,
1139,2021-02-14,일,,3597,798,4395,9.5,0.0
1140,2021-02-15,월,,354,102,456,1.2,1.4
1141,2021-02-16,화,,36,65,101,-5.1,1.5
1142,2021-02-17,수,,37,79,116,-8.3,0.0
1143,2021-02-18,목,,71,94,165,-5.8,
1144,2021-02-19,금,,1370,273,1643,1.6,
1145,2021-02-20,토,,5344,859,6203,8.8,
1146,2021-02-21,일,,10241,1656,11897,10.8,
1147,2021-02-22,월,,1199,386,1585,7.8,
1148,2021-02-23,화,,509,225,734,0.0,
1149,2021-02-24,수,,844,368,1212,2.9,
1150,2021-02-25,목,,856,311,1167,4.2,
1151,2021-02-26,금,,2319,594,2913,8.2,
1152,2021-02-27,토,,10067,1557,11624,9.5,
1153,2021-02-28,일,,12770,2608,15378,7.8,
1154,2021-03-01,월,,49,64,113,,
1155,2021-03-02,화,,439,202,641,,
1156,2021-03-03,수,,470,366,836,,
1157,2021-03-04,목,,361,255,616,4.7,67.5
1158,2021-03-05,금,,962,411,1373,2.3,0.1
1159,2021-03-06,토,,8594,1688,10282,4.4,
1160,2021-03-07,일,,9411,2014,11425,7.2,
1161,2021-03-08,월,,799,350,1149,9.0,
1162,2021-03-09,화,,570,464,1034,6.6,
1163,2021-03-10,수,,861,399,1260,6.2,
1164,2021-03-11,목,,2092,303,2395,7.0,
1165,2021-03-12,금,,188,159,347,6.6,
1166,2021-03-13,토,,8293,1776,10069,8.8,
1167,2021-03-14,일,,7291,1537,8828,10.2,
1168,2021-03-15,월,,596,320,916,10.5,0.0
1169,2021-03-16,화,,387,319,706,9.2,
1170,2021-03-17,수,,679,399,1078,9.1,
1171,2021-03-18,목,,753,489,1242,10.6,1.7
1172,2021-03-19,금,,1201,486,1687,8.4,1.3
1173,2021-03-20,토,,530,271,801,8.8,
1174,2021-03-21,일,,9496,874,10370,11.7,
1175,2021-03-22,월,,709,379,1088,15.3,
1176,2021-03-23,화,,632,454,1086,9.9,5.1
1177,2021-03-24,수,,669,432,1101,5.8,0.3
1178,2021-03-25,목,,954,674,1628,6.2,
1179,2021-03-26,금,,994,459,1453,9.1,
1180,2021-03-27,토,,903,388,1291,10.8,
1181,2021-03-28,일,,1651,356,2007,11.9,
1182,2021-03-29,월,,493,309,802,12.6,
1183,2021-03-30,화,,964,652,1616,12.1,25.5
1184,2021-03-31,수,,2150,1362,3512,9.0,9.2
1185,2021-04-01,목,,2975,1458,4433,10.2,0.2
1186,2021-04-02,금,,3646,1640,5286,10.8,
1187,2021-04-03,토,,250,241,491,14.5,
1188,2021-04-04,일,,12837,2332,15169,17.7,
1189,2021-04-05,월,,2903,1465,4368,17.8,0.0
1190,2021-04-06,화,,2157,1567,3724,14.9,56.2
1191,2021-04-07,수,,2809,1323,4132,11.9,0.6
1192,2021-04-08,목,,1992,1222,3214,11.9,
1193,2021-04-09,금,,4438,1250,5688,13.9,
1194,2021-04-10,토,,17724,3645,21369,14.1,
1195,2021-04-11,일,,17056,3535,20591,13.0,
1196,2021-04-12,월,,101,218,319,13.6,
1197,2021-04-13,화,,918,540,1458,12.6,
1198,2021-04-14,수,,1138,865,2003,15.0,
1199,2021-04-15,목,,1393,908,2301,13.8,22.0
1200,2021-04-16,금,,360,225,585,10.4,8.0
1201,2021-04-17,토,,4364,1180,5544,8.4,
1202,2021-04-18,일,,19805,3471,23276,11.6,
1203,2021-04-19,월,,1790,975,2765,11.3,0.7
1204,2021-04-20,화,,1345,1015,2360,9.6,0.0
1205,2021-04-21,수,,1414,927,2341,9.9,
1206,2021-04-22,목,,1082,735,1817,12.2,
1207,2021-04-23,금,,1509,705,2214,14.8,
1208,2021-04-24,토,,11694,3337,15031,19.1,
1209,2021-04-25,일,,14710,3007,17717,20.9,
1210,2021-04-26,월,,1664,819,2483,19.0,0.0
1211,2021-04-27,화,,1056,715,1771,18.3,0.0
1212,2021-04-28,수,,803,656,1459,18.2,
1213,2021-04-29,목,,1008,586,1594,16.2,
1214,2021-04-30,금,,833,426,1259,15.4,1.7
1215,2021-05-01,토,,4117,1056,5173,14.5,4.7
1216,2021-05-02,일,,14014,3636,17650,14.6,3.9
1217,2021-05-03,월,,3988,1314,5302,11.3,26.3
1218,2021-05-04,화,,314,222,536,,
1219,2021-05-05,수,,20420,25786,46206,10.2,8.0
1220,2021-05-06,목,,3740,1296,5036,12.4,1.7
1221,2021-05-07,금,,937,350,1287,14.1,
1222,2021-05-08,토,,2903,630,3533,13.8,19.6
1223,2021-05-09,일,,10114,2626,12740,13.9,0.1
1224,2021-05-10,월,,168,154,322,15.7,
1225,2021-05-11,화,,3432,1199,4631,14.4,8.8
1226,2021-05-12,수,,1348,879,2227,14.3,
1227,2021-05-13,목,,1563,1260,2823,15.7,
1228,2021-05-14,금,,1692,1448,3140,13.2,0.0
1229,2021-05-15,토,,1849,823,2672,18.5,
1230,2021-05-16,일,,188,238,426,22.0,
1231,2021-05-17,월,,262,280,542,22.9,
1232,2021-05-18,화,,2158,1726,3884,24.1,
1233,2021-05-19,수,,18535,6136,24671,22.1,15.0
1234,2021-05-20,목,,538,766,1304,18.4,66.9
1235,2021-05-21,금,,743,968,1711,15.3,3.1
1236,2021-05-22,토,,14321,5328,19649,17.9,
1237,2021-05-23,일,,13675,3486,17161,19.9,
1238,2021-05-24,월,,2114,1875,3989,18.7,0.9
1239,2021-05-25,화,,1104,1069,2173,16.0,6.9
1240,2021-05-26,수,,2242,2448,4690,18.6,0.2
1241,2021-05-27,목,,537,467,1004,19.5,
1242,2021-05-28,금,,763,535,1298,19.4,
1243,2021-05-29,토,,9667,2824,12491,15.3,8.3
1244,2021-05-30,일,,26569,3574,30143,18.0,0.0
1245,2021-05-31,월,,1726,1286,3012,15.8,8.9
1246,2021-06-01,화,,1790,1375,3165,15.3,12.3
1247,2021-06-02,수,,1911,1473,3384,15.4,0.3
1248,2021-06-03,목,,241,460,701,18.4,18.1
1249,2021-06-04,금,,2746,1529,4275,19.9,4.0
1250,2021-06-05,토,,11764,2699,14463,20.2,3.2
1251,2021-06-06,일,,10811,2809,13620,23.2,
1252,2021-06-07,월,,1417,1317,2734,19.1,18.1
1253,2021-06-08,화,,2993,992,3985,18.5,
1254,2021-06-09,수,,993,909,1902,20.8,
1255,2021-06-10,목,,959,918,1877,23.0,
1256,2021-06-11,금,,945,680,1625,21.1,0.0
1257,2021-06-12,토,,7060,1553,8613,23.6,0.1
1258,2021-06-13,일,,5950,1499,7449,25.8,
1259,2021-06-14,월,,929,786,1715,24.9,6.1
1260,2021-06-15,화,,402,440,842,21.5,4.6
1261,2021-06-16,수,,1149,1004,2153,24.2,
1262,2021-06-17,목,,955,805,1760,24.8,
1263,2021-06-18,금,,370,242,612,24.8,
1264,2021-06-19,토,,7497,2252,9749,22.5,1.9
1265,2021-06-20,일,,6853,1484,8337,24.3,
1266,2021-06-21,월,,976,633,1609,21.9,0.0
1267,2021-06-22,화,,668,738,1406,20.0,6.3
1268,2021-06-23,수,,443,505,948,22.3,
1269,2021-06-24,목,,722,581,1303,22.9,
1270,2021-06-25,금,,1161,660,1821,23.6,
1271,2021-06-26,토,,5014,1137,6151,22.8,0.0
1272,2021-06-27,일,,22191,1294,23485,22.4,7.5
1273,2021-06-28,월,,373,337,710,23.0,
1274,2021-06-29,화,,503,586,1089,24.1,
1275,2021-06-30,수,,346,317,663,22.8,4.5
1276,2021-07-01,목,,613,281,894,24.5,38.2
1277,2021-07-02,금,,623,427,1050,23.7,0.1
1278,2021-07-03,토,,1714,656,2370,23.9,8.0
1279,2021-07-04,일,,814,280,1094,24.3,6.0
1280,2021-07-05,월,,944,515,1459,,
1281,2021-07-06,화,,694,541,1235,26.3,
1282,2021-07-07,수,,371,348,719,27.1,
1283,2021-07-08,목,,328,269,597,22.6,60.0
1284,2021-07-09,금,,412,346,758,21.4,21.4
1285,2021-07-10,토,,1715,501,2216,23.3,
1286,2021-07-11,일,,1323,408,1731,25.3,
1287,2021-07-12,월,,317,279,596,26.4,12.7
1288,2021-07-13,화,,264,252,516,26.0,2.9
1289,2021-07-14,수,,239,234,473,25.5,0.0
1290,2021-07-15,목,,191,200,391,25.9,0.5
1291,2021-07-16,금,,155,189,344,25.7,0.4
1292,2021-07-17,토,,897,418,1315,28.1,
1293,2021-07-18,일,,1035,389,1424,28.8,
1294,2021-07-19,월,,174,171,345,29.7,
1295,2021-07-20,화,,1795,192,1987,29.1,0.0
1296,2021-07-21,수,,128,149,277,28.8,
1297,2021-07-22,목,,141,123,264,29.1,0.0
1298,2021-07-23,금,,136,102,238,29.6,
1299,2021-07-24,토,,396,182,578,26.4,67.4
1300,2021-07-25,일,,9561,251,9812,27.9,0.0
1301,2021-07-26,월,,250,149,399,30.5,
1302,2021-07-27,화,,134,112,246,31.2,
1303,2021-07-28,수,,164,117,281,31.2,
1304,2021-07-29,목,,302,173,475,31.7,
1305,2021-07-30,금,,311,135,446,31.5,
1306,2021-07-31,토,,896,261,1157,31.2,
1307,2021-08-01,일,,909,267,1176,31.1,
1308,2021-08-02,월,,907,284,1191,30.4,0.0
1309,2021-08-03,화,,1030,296,1326,29.6,
1310,2021-08-04,수,,722,264,986,30.5,
1311,2021-08-05,목,,1292,203,1495,29.8,3.0
1312,2021-08-06,금,,547,210,757,27.1,21.0
1313,2021-08-07,토,,1808,424,2232,26.5,1.7
1314,2021-08-08,일,,1811,456,2267,28.0,0.0
1315,2021-08-09,월,,616,200,816,28.9,
1316,2021-08-10,화,,400,208,608,29.4,
1317,2021-08-11,수,,484,198,682,28.1,
1318,2021-08-12,목,,605,174,779,28.0,
1319,2021-08-13,금,,899,285,1184,26.8,12.7
1320,2021-08-14,토,,4370,977,5347,28.3,
1321,2021-08-15,일,,6244,904,7148,27.7,
1322,2021-08-16,월,,4820,972,5792,27.4,0.0
1323,2021-08-17,화,,930,382,1312,26.8,0.0
1324,2021-08-18,수,,620,269,889,26.6,
1325,2021-08-19,목,,1259,462,1721,26.1,
1326,2021-08-20,금,,1010,329,1339,26.9,
1327,2021-08-21,토,,849,315,1164,27.3,0.0
1328,2021-08-22,일,,6961,1175,8136,25.9,9.3
1329,2021-08-23,월,,224,185,409,24.3,5.6
1330,2021-08-24,화,,110,129,239,26.0,
1331,2021-08-25,수,,1464,232,1696,26.6,0.0
1332,2021-08-26,목,,893,406,1299,23.8,62.8
1333,2021-08-27,금,,194,187,381,24.4,0.0
1334,2021-08-28,토,,9414,1723,11137,22.4,7.4
1335,2021-08-29,일,,8278,900,9178,23.4,10.5
1336,2021-08-30,월,,1294,429,1723,25.0,0.3
1337,2021-08-31,화,,57,185,242,25.5,0.7
1338,2021-09-01,수,,408,223,631,22.4,0.9
1339,2021-09-02,목,,1056,510,1566,23.6,
1340,2021-09-03,금,,1900,512,2412,23.7,0.9
1341,2021-09-04,토,,12770,2842,15612,24.2,0.0
1342,2021-09-05,일,,13381,1989,15370,20.5,77.4
1343,2021-09-06,월,,1136,459,1595,21.4,0.8
1344,2021-09-07,화,,22,115,137,23.5,
1345,2021-09-08,수,,1147,526,1673,24.3,
1346,2021-09-09,목,,1278,611,1889,23.2,
1347,2021-09-10,금,,3305,537,3842,23.1,
1348,2021-09-11,토,,10049,1686,11735,22.3,12.0
1349,2021-09-12,일,,10574,2181,12755,19.6,29.6
1350,2021-09-13,월,,1027,415,1442,22.2,1.6
1351,2021-09-14,화,,906,499,1405,23.5,
1352,2021-09-15,수,,937,376,1313,23.6,
1353,2021-09-16,목,,928,408,1336,24.0,
1354,2021-09-17,금,,956,379,1335,24.2,
1355,2021-09-18,토,,7708,1444,9152,24.8,
1356,2021-09-19,일,,10943,1735,12678,24.6,
1357,2021-09-20,월,,17468,1699,19167,23.6,
1358,2021-09-21,화,,6469,1282,7751,22.9,
1359,2021-09-22,수,,8580,1971,10551,23.5,
1360,2021-09-23,목,,3211,889,4100,23.9,
1361,2021-09-24,금,,2392,865,3257,23.7,
1362,2021-09-25,토,,8602,2096,10698,23.7,
1363,2021-09-26,일,,9440,1705,11145,22.0,68.1
1364,2021-09-27,월,,938,540,1478,20.2,4.5
1365,2021-09-28,화,,616,508,1124,20.9,
1366,2021-09-29,수,,57,112,169,21.8,
1367,2021-09-30,목,,1196,644,1840,21.2,
1368,2021-10-01,금,,1598,715,2313,22.6,
1369,2021-10-02,토,,10105,2295,12400,21.6,0.0
1370,2021-10-03,일,,14575,2278,16853,21.5,1.3
1371,2021-10-04,월,,4131,1084,5215,20.2,13.1
1372,2021-10-05,화,,686,573,1259,20.3,
1373,2021-10-06,수,,177,176,353,,
1374,2021-10-07,목,,473,441,914,21.1,13.3
1375,2021-10-08,금,,323,392,715,20.7,
1376,2021-10-09,토,,11568,2208,13776,22.3,
1377,2021-10-10,일,,5096,1280,6376,22.9,3.6
1378,2021-10-11,월,,12011,2399,14410,23.6,0.0
1379,2021-10-12,화,,977,786,1763,18.8,6.4
1380,2021-10-13,수,,1489,879,2368,19.4,4.6
1381,2021-10-14,목,,1432,878,2310,18.8,3.5
1382,2021-10-15,금,,1115,742,1857,20.9,0.4
1383,2021-10-16,토,,6441,1382,7823,19.9,14.2
1384,2021-10-17,일,,4221,813,5034,15.2,0.3
1385,2021-10-18,월,,2720,516,3236,17.9,
1386,2021-10-19,화,,586,505,1091,19.6,
1387,2021-10-20,수,,1063,800,1863,19.7,
1388,2021-10-21,목,,1062,876,1938,19.0,0.0
1389,2021-10-22,금,,1576,810,2386,10.7,0.0
1390,2021-10-23,토,,9410,2115,11525,5.6,
1391,2021-10-24,일,,11750,2594,14344,9.6,5.6
1392,2021-10-25,월,,1417,850,2267,10.9,4.4
1393,2021-10-26,화,,1399,1034,2433,9.5,
1394,2021-10-27,수,,19243,919,20162,9.8,
1395,2021-10-28,목,,1808,1263,3071,10.8,
1396,2021-10-29,금,,2136,1332,3468,11.4,
1397,2021-10-30,토,,10591,2456,13047,11.4,
1398,2021-10-31,일,,13163,2485,15648,11.7,
1399,2021-11-01,월,,1781,1387,3168,13.0,
1400,2021-11-02,화,,1833,1520,3353,13.4,0.0
1401,2021-11-03,수,,1824,1486,3310,12.7,
1402,2021-11-04,목,,1401,1132,2533,14.6,
1403,2021-11-05,금,,2424,1422,3846,13.8,
1404,2021-11-06,토,,12387,2705,15092,14.1,0.7
1405,2021-11-07,일,,13569,3131,16700,12.9,
1406,2021-11-08,월,,66,105,171,11.5,
1407,2021-11-09,화,,112,273,385,12.1,
1408,2021-11-10,수,,413,517,930,12.1,0.0
1409,2021-11-11,목,,666,849,1515,13.0,
1410,2021-11-12,금,,914,679,1593,14.1,
1411,2021-11-13,토,,5588,1051,6639,15.3,
1412,2021-11-14,일,,7442,994,8436,8.6,25.7
1413,2021-11-15,월,,1071,609,1680,4.9,2.0
1414,2021-11-16,화,,2957,708,3665,4.2,0.3
1415,2021-11-17,수,,938,693,1631,5.3,0.0
1416,2021-11-18,목,,665,408,1073,4.5,
1417,2021-11-19,금,,1266,482,1748,7.3,
1418,2021-11-20,토,,3668,653,4321,11.3,
1419,2021-11-21,일,,2607,433,3040,10.1,
1420,2021-11-22,월,,401,282,683,8.5,
1421,2021-11-23,화,,172,264,436,7.5,
1422,2021-11-24,수,,256,267,523,11.9,0.0
1423,2021-11-25,목,,343,322,665,12.9,
1424,2021-11-26,금,,15982,251,16233,10.4,
1425,2021-11-27,토,,15346,646,15992,10.4,5.9
1426,2021-11-28,일,,4109,541,4650,2.7,1.3
1427,2021-11-29,월,,787,350,1137,-0.6,
1428,2021-11-30,화,,32,109,141,4.1,0.0
1429,2021-12-01,수,,116,205,321,5.7,
1430,2021-12-02,목,,155,231,386,2.9,0.0
1431,2021-12-03,금,,183,178,361,3.4,
1432,2021-12-04,토,,1384,357,1741,5.1,
1433,2021-12-05,일,,2422,408,2830,7.6,
1434,2021-12-06,월,,379,317,696,5.7,27.2
1435,2021-12-07,화,,1455,321,1776,,
1436,2021-12-08,수,,430,314,744,-1.3,
1437,2021-12-09,목,,394,251,645,1.3,0.1
1438,2021-12-10,금,,238,166,404,1.9,0.4
1439,2021-12-11,토,,2231,457,2688,1.4,
1440,2021-12-12,일,,2082,333,2415,2.9,
1441,2021-12-13,월,,140,127,267,5.4,
1442,2021-12-14,화,,336,232,568,6.8,
1443,2021-12-15,수,,163,176,339,6.7,
1444,2021-12-16,목,,137,218,355,6.5,
1445,2021-12-17,금,,220,123,343,7.0,0.7
1446,2021-12-18,토,,162,150,312,6.0,
1447,2021-12-19,일,,385,188,573,1.2,
1448,2021-12-20,월,,262,209,471,-2.2,
1449,2021-12-21,화,,215,245,460,3.7,1.2
1450,2021-12-22,수,,222,205,427,7.2,2.1
1451,2021-12-23,목,,230,200,430,6.4,0.0
1452,2021-12-24,금,,183,120,303,-5.6,
1453,2021-12-25,토,,284,106,390,-5.7,2.8
1454,2021-12-26,일,,140,83,223,-0.8,0.2
1455,2021-12-27,월,,12864,91,12955,5.2,0.0
1456,2021-12-28,화,,127,190,317,5.2,
1457,2021-12-29,수,,217,177,394,2.2,
1458,2021-12-30,목,,236,184,420,2.7,
1459,2021-12-31,금,,102,100,202,-0.3,0.2
1460,2022-01-01,토,,831,212,1043,-4.3,
1461,2022-01-02,일,,780,304,1084,-1.3,0.3
1462,2022-01-03,월,,198,126,324,-1.9,0.0
1463,2022-01-04,화,,177,240,417,-2.5,0.0
1464,2022-01-05,수,,166,183,349,-2.8,
1465,2022-01-06,목,,712,221,933,-2.2,
1466,2022-01-07,금,,304,159,463,-1.6,
1467,2022-01-08,토,,1162,269,1431,0.3,0.0
1468,2022-01-09,일,,911,205,1116,1.3,
1469,2022-01-10,월,,173,194,367,0.5,0.9
1470,2022-01-11,화,,110,139,249,-7.4,0.2
1471,2022-01-12,수,,60,79,139,-7.7,
1472,2022-01-13,목,,1157,119,1276,-6.4,
1473,2022-01-14,금,,129,95,224,-4.8,
1474,2022-01-15,토,,1122,311,1433,-1.0,0.0
1475,2022-01-16,일,,1063,199,1262,-2.0,0.0
1476,2022-01-17,월,,168,115,283,-5.8,0.5
1477,2022-01-18,화,,203,155,358,-5.6,
1478,2022-01-19,수,,67,173,240,-5.3,1.7
1479,2022-01-20,목,,160,167,327,-5.0,
1480,2022-01-21,금,,225,161,386,-2.7,
1481,2022-01-22,토,,1583,299,1882,0.3,
1482,2022-01-23,일,,2461,344,2805,2.0,
1483,2022-01-24,월,,518,228,746,4.6,
1484,2022-01-25,화,,141,126,267,2.8,0.7
1485,2022-01-26,수,,359,199,558,1.3,
1486,2022-01-27,목,,303,173,476,-1.1,
1487,2022-01-28,금,,299,127,426,-2.7,
1488,2022-01-29,토,,968,269,1237,-3.6,
1489,2022-01-30,일,,1657,294,1951,-2.8,
1490,2022-01-31,월,,2480,275,2755,-0.7,1.2
1491,2022-02-01,화,,893,203,1096,-1.3,1.7
1492,2022-02-02,수,,1341,310,1651,-3.4,
1493,2022-02-03,목,,448,204,652,-3.4,
1494,2022-02-04,금,,246,128,374,-5.2,0.0
1495,2022-02-05,토,,378,131,509,-6.6,
1496,2022-02-06,일,,663,197,860,-3.9,
1497,2022-02-07,월,,168,107,275,-2.5,
1498,2022-02-08,화,,318,273,591,-0.1,
1499,2022-02-09,수,,368,196,564,1.0,
1500,2022-02-10,목,,452,252,704,1.4,
1501,2022-02-11,금,,538,217,755,2.9,
1502,2022-02-12,토,,2483,392,2875,4.8,
1503,2022-02-13,일,,3836,491,4327,4.8,
1504,2022-02-14,월,,536,185,721,2.5,1.7
1505,2022-02-15,화,,2215,135,2350,-4.7,0.0
1506,2022-02-16,수,,146,136,282,-7.3,0.0
1507,2022-02-17,목,,101,114,215,-6.2,
1508,2022-02-18,금,,439,160,599,-1.2,
1509,2022-02-19,토,,1684,329,2013,-1.7,0.1
1510,2022-02-20,일,,1502,175,1677,-4.8,
1511,2022-02-21,월,,242,122,364,-3.0,0.1
1512,2022-02-22,화,,213,167,380,-4.5,
1513,2022-02-23,수,,189,148,337,-5.6,
1514,2022-02-24,목,,449,207,656,-2.4,
1515,2022-02-25,금,,999,255,1254,3.0,
1516,2022-02-26,토,,1570,377,1947,5.4,1.1
1517,2022-02-27,일,,5702,662,6364,3.7,
1518,2022-02-28,월,,3087,566,3653,6.8,
1519,2022-03-01,화,,3825,660,4485,,
1520,2022-03-02,수,,655,247,902,,
1521,2022-03-03,목,,624,303,927,,
1522,2022-03-04,금,,391,223,614,5.8,2.3
1523,2022-03-05,토,,2435,339,2774,3.5,
1524,2022-03-06,일,,4457,469,4926,5.8,
1525,2022-03-07,월,,516,239,755,6.9,
1526,2022-03-08,화,,718,378,1096,2.3,
1527,2022-03-09,수,,10874,1290,12164,1.4,
1528,2022-03-10,목,,775,269,1044,2.8,
1529,2022-03-11,금,,1059,381,1440,6.0,
1530,2022-03-12,토,,9075,1289,10364,7.1,
1531,2022-03-13,일,,1218,179,1397,9.3,
1532,2022-03-14,월,,54,81,135,11.2,
1533,2022-03-15,화,,910,377,1287,12.8,2.6
1534,2022-03-16,수,,1120,400,1520,11.7,42.1
1535,2022-03-17,목,,1991,292,2283,8.2,8.7
1536,2022-03-18,금,,394,162,556,7.2,
1537,2022-03-19,토,,363,141,504,10.3,
1538,2022-03-20,일,,6243,1485,7728,10.7,1.2
1539,2022-03-21,월,,1016,243,1259,7.5,0.0
1540,2022-03-22,화,,953,395,1348,3.4,14.6
1541,2022-03-23,수,,567,210,777,5.4,0.0
1542,2022-03-24,목,,726,353,1079,5.0,
1543,2022-03-25,금,,904,281,1185,7.1,
1544,2022-03-26,토,,3292,323,3615,6.2,
1545,2022-03-27,일,,14500,1130,15630,8.2,
1546,2022-03-28,월,,3221,412,3633,12.0,10.9
1547,2022-03-29,화,,1706,683,2389,11.8,19.8
1548,2022-03-30,수,,470,200,670,8.1,
1549,2022-03-31,목,,1116,400,1516,8.2,
1550,2022-04-01,금,,2633,461,3094,9.7,
1551,2022-04-02,토,,17085,1995,19080,10.8,0.4
1552,2022-04-03,일,,17934,2434,20368,10.9,
1553,2022-04-04,월,,2067,549,2616,9.2,
1554,2022-04-05,화,,1732,561,2293,8.2,
1555,2022-04-06,수,,2014,621,2635,9.6,
1556,2022-04-07,목,,1788,637,2425,10.3,
1557,2022-04-08,금,,4104,1264,5368,10.3,
1558,2022-04-09,토,,20961,2004,22965,11.7,
1559,2022-04-10,일,,22510,1786,24296,10.9,
1560,2022-04-11,월,,4664,1389,6053,12.9,
1561,2022-04-12,화,,3030,1731,4761,17.8,0.5
1562,2022-04-13,수,,542,289,831,18.2,
1563,2022-04-14,목,,1367,805,2172,19.6,
1564,2022-04-15,금,,3580,1506,5086,19.3,0.5
1565,2022-04-16,토,,19467,2706,22173,13.1,1.3
1566,2022-04-17,일,,18136,4103,22239,13.2,
1567,2022-04-18,월,,2257,865,3122,13.3,
1568,2022-04-19,화,,4138,1009,5147,13.2,
1569,2022-04-20,수,,2090,1139,3229,14.0,
1570,2022-04-21,목,,1974,1169,3143,15.2,
1571,2022-04-22,금,,1444,727,2171,15.2,
1572,2022-04-23,토,,16394,1935,18329,15.7,
1573,2022-04-24,일,,14741,3199,17940,16.3,
1574,2022-04-25,월,,1977,627,2604,15.0,
1575,2022-04-26,화,,1682,881,2563,17.7,
1576,2022-04-27,수,,1929,1166,3095,18.5,0.3
1577,2022-04-28,목,,2399,1792,4191,20.0,1.3
1578,2022-04-29,금,,2369,816,3185,21.9,1.0
1579,2022-04-30,토,,19108,1585,20693,17.7,
1580,2022-05-01,토,,14575,1732,16307,18.2,0.0
1581,2022-05-02,일,,2825,1068,3893,13.4,15.5
1582,2022-05-03,월,,2122,1472,3594,13.0,
1583,2022-05-04,화,,4037,2384,6421,,
1584,2022-05-05,수,,23141,23240,46381,13.4,
1585,2022-05-06,목,,12082,1585,13667,14.2,
1586,2022-05-07,금,,8816,1284,10100,14.8,
1587,2022-05-08,토,,5771,1116,6887,17.8,
1588,2022-05-09,일,,2285,1065,3350,18.9,
1589,2022-05-10,월,,2030,1428,3458,19.6,
1590,2022-05-11,화,,1904,1495,3399,18.4,0.5
1591,2022-05-12,수,,1723,1800,3523,15.3,2.0
1592,2022-05-13,목,,3956,2081,6037,17.9,
1593,2022-05-14,금,,10905,2019,12924,19.9,0.0
1594,2022-05-15,토,,11418,2245,13663,19.7,0.0
1595,2022-05-16,일,,2339,1542,3881,20.9,
1596,2022-05-17,월,,2009,2375,4384,19.4,
1597,2022-05-18,화,,1697,1520,3217,15.7,
1598,2022-05-19,수,,2961,2911,5872,16.2,
1599,2022-05-20,목,,8779,2889,11668,17.3,
1600,2022-05-21,금,,12635,2958,15593,20.0,
1601,2022-05-22,토,,12915,3059,15974,20.0,1.5
1602,2022-05-23,일,,2351,1976,4327,19.9,
1603,2022-05-24,월,,2473,2630,5103,20.6,
1604,2022-05-25,화,,2651,3149,5800,20.1,
1605,2022-05-26,수,,2634,4026,6660,20.3,
1606,2022-05-27,목,,3955,3191,7146,23.0,
1607,2022-05-28,금,,33006,3219,36225,22.9,
1608,2022-05-29,토,,12463,3127,15590,21.0,3.5
1609,2022-05-30,일,,1925,1952,3877,18.7,0.0
1610,2022-05-31,월,,3044,3230,6274,20.0,0.0
1611,2022-06-01,수,,13783,3270,17053,22.3,
1612,2022-06-02,목,,2431,2400,4831,23.1,
1613,2022-06-03,금,,2378,2048,4426,20.8,0.0
1614,2022-06-04,토,,10161,2172,12333,20.7,
1615,2022-06-05,일,,14440,2124,16564,22.1,
1616,2022-06-06,월,,7312,1970,9282,21.5,
1617,2022-06-07,화,,1817,1755,3572,24.5,
1618,2022-06-08,수,,1424,1699,3123,25.6,
1619,2022-06-09,목,,899,1146,2045,22.7,0.0
1620,2022-06-10,금,,1767,1821,3588,19.7,4.3
1621,2022-06-11,토,,6735,1721,8456,20.6,0.0
1622,2022-06-12,일,,7548,1190,8738,21.2,
1623,2022-06-13,월,,3467,754,4221,20.9,2.6
1624,2022-06-14,화,,1070,1014,2084,20.9,1.2
1625,2022-06-15,수,,312,517,829,24.6,
1626,2022-06-16,목,,1104,980,2084,24.6,
1627,2022-06-17,금,,1401,1055,2456,23.6,18.0
1628,2022-06-18,토,,4954,1128,6082,21.5,0.0
1629,2022-06-19,일,,6121,1111,7232,17.5,18.5
1630,2022-06-20,월,,1016,716,1732,20.3,0.7
1631,2022-06-21,화,,854,652,1506,22.5,
1632,2022-06-22,수,,874,816,1690,23.3,0.0
1633,2022-06-23,목,,159,271,430,23.4,
1634,2022-06-24,금,,813,626,1439,25.2,
1635,2022-06-25,토,,4219,974,5193,26.5,
1636,2022-06-26,일,,18207,622,18829,25.9,
1637,2022-06-27,월,,166,293,459,24.3,103.0
1638,2022-06-28,화,,140,264,404,22.6,19.1
1639,2022-06-29,수,,88,151,239,26.0,
1640,2022-06-30,목,,31,77,108,26.5,
1641,2022-07-01,금,,916,272,1188,26.8,6.1
1642,2022-07-02,토,,2190,555,2745,26.9,6.3
1643,2022-07-03,일,,1562,403,1965,25.1,37.8
1644,2022-07-04,월,,304,212,516,22.3,176.2
1645,2022-07-05,화,,181,278,459,,
1646,2022-07-06,수,,257,279,536,26.6,
1647,2022-07-07,목,,96,184,280,28.8,
1648,2022-07-08,금,,493,250,743,29.3,
1649,2022-07-09,토,,1919,550,2469,29.3,0.0
1650,2022-07-10,일,,1349,373,1722,29.2,0.0
1651,2022-07-11,월,,267,205,472,29.5,16.1
1652,2022-07-12,화,,378,333,711,28.2,0.0
1653,2022-07-13,수,,24,125,149,25.8,1.7
1654,2022-07-14,목,,404,349,753,26.9,0.1
1655,2022-07-15,금,,959,284,1243,29.2,0.0
1656,2022-07-16,토,,1977,460,2437,27.0,9.0
1657,2022-07-17,일,,2806,417,3223,26.8,
1658,2022-07-18,월,,4898,318,5216,25.0,114.5
1659,2022-07-19,화,,473,282,755,25.7,0.9
1660,2022-07-20,수,,496,278,774,26.0,
1661,2022-07-21,목,,375,301,676,24.8,34.0
1662,2022-07-22,금,,438,318,756,25.5,0.0
1663,2022-07-23,토,,10490,428,10918,26.8,
1664,2022-07-24,일,,2591,477,3068,27.4,
1665,2022-07-25,월,,901,307,1208,27.1,1.1
1666,2022-07-26,화,,617,216,833,23.2,10.4
1667,2022-07-27,수,,753,252,1005,25.1,5.2
1668,2022-07-28,목,,783,231,1014,24.8,9.9
1669,2022-07-29,금,,685,169,854,25.0,1.2
1670,2022-07-30,토,,1061,216,1277,27.5,
1671,2022-07-31,일,,632,224,856,28.9,
1672,2022-08-01,월,,1205,212,1417,29.3,
1673,2022-08-02,화,,747,191,938,29.7,
1674,2022-08-03,수,,1067,219,1286,30.7,
1675,2022-08-04,목,,2368,269,2637,30.9,1.0
1676,2022-08-05,금,,827,196,1023,27.2,47.2
1677,2022-08-06,토,,1322,262,1584,28.6,30.0
1678,2022-08-07,일,,1426,271,1697,26.8,33.5
1679,2022-08-08,월,,76,101,177,27.1,51.1
1680,2022-08-09,화,,31,38,69,28.9,0.0
1681,2022-08-10,수,,569,306,875,29.4,0.0
1682,2022-08-11,목,,313,218,531,28.7,13.6
1683,2022-08-12,금,,1085,436,1521,28.9,0.9
1684,2022-08-13,토,,1110,593,1703,26.8,129.6
1685,2022-08-14,일,,4886,746,5632,25.1,123.1
1686,2022-08-15,월,,4005,613,4618,24.7,7.6
1687,2022-08-16,화,,1134,397,1531,25.0,38.8
1688,2022-08-17,수,,931,393,1324,27.0,
1689,2022-08-18,목,,1125,515,1640,25.8,4.0
1690,2022-08-19,금,,763,353,1116,27.6,3.0
1691,2022-08-20,토,,4470,967,5437,28.1,0.9
1692,2022-08-21,일,,4021,669,4690,26.7,0.0
1693,2022-08-22,월,,1038,370,1408,26.0,0.0
1694,2022-08-23,화,,710,427,1137,25.6,
1695,2022-08-24,수,,1031,537,1568,26.0,66.1
1696,2022-08-25,목,,390,413,803,28.2,0.0
1697,2022-08-26,금,,1382,503,1885,28.1,
1698,2022-08-27,토,,14692,1496,16188,26.8,3.2
1699,2022-08-28,일,,13181,1783,14964,25.4,2.2
1700,2022-08-29,월,,618,299,917,24.8,
1701,2022-08-30,화,,54,130,184,22.2,1.6
1702,2022-08-31,수,,1001,677,1678,23.8,
1703,2022-09-01,목,,1411,730,2141,21.5,17.6
1704,2022-09-02,금,,1953,631,2584,22.6,
1705,2022-09-03,토,,12102,1383,13485,21.0,2.2
1706,2022-09-04,일,,461,329,790,19.1,35.8
1707,2022-09-05,월,,3,52,55,21.7,0.0
1708,2022-09-06,화,,994,346,1340,24.0,
1709,2022-09-07,수,,1426,797,2223,24.7,
1710,2022-09-08,목,,1481,576,2057,24.2,
1711,2022-09-09,금,,9795,868,10663,22.3,33.8
1712,2022-09-10,토,,11903,2021,13924,19.2,120.0
1713,2022-09-11,일,,14465,1781,16246,21.0,25.3
1714,2022-09-12,월,,12410,1989,14399,22.8,
1715,2022-09-13,화,,1762,764,2526,23.2,
1716,2022-09-14,수,,856,750,1606,24.3,
1717,2022-09-15,목,,1134,939,2073,23.6,
1718,2022-09-16,금,,1371,961,2332,23.3,0.1
1719,2022-09-17,토,,6696,1264,7960,23.8,
1720,2022-09-18,일,,7861,1151,9012,24.3,0.0
1721,2022-09-19,월,,1199,706,1905,24.6,0.0
1722,2022-09-20,화,,1633,1018,2651,25.2,0.1
1723,2022-09-21,수,,1447,1517,2964,25.7,14.6
1724,2022-09-22,목,,2725,1811,4536,25.6,4.3
1725,2022-09-23,금,,2325,1143,3468,27.1,
1726,2022-09-24,토,,12933,3160,16093,24.6,
1727,2022-09-25,일,,12611,1314,13925,19.9,
1728,2022-09-26,월,,2107,839,2946,19.4,
1729,2022-09-27,화,,6668,940,7608,19.8,
1730,2022-09-28,수,,3799,1036,4835,17.5,3.3
1731,2022-09-29,목,,1319,1311,2630,18.5,
1732,2022-09-30,금,,2629,1831,4460,19.6,
1733,2022-10-01,토,,11954,1831,13785,20.0,
1734,2022-10-02,일,,10964,1107,12071,20.9,
1735,2022-10-03,월,,368,192,560,20.4,
1736,2022-10-04,화,,977,594,1571,20.4,
1737,2022-10-05,수,,1750,1560,3310,20.7,
1738,2022-10-06,목,,1317,1591,2908,,
1739,2022-10-07,금,,2711,1837,4548,20.9,
1740,2022-10-08,토,,15137,2011,17148,19.4,15.8
1741,2022-10-09,일,,1384,365,1749,21.4,76.0
1742,2022-10-10,월,,3021,680,3701,17.9,11.8
1743,2022-10-11,화,,1519,820,2339,16.6,0.1
1744,2022-10-12,수,,2185,1759,3944,15.8,0.0
1745,2022-10-13,목,,2989,2203,5192,14.3,
1746,2022-10-14,금,,3071,1963,5034,15.8,
1747,2022-10-15,토,,13077,1874,14951,13.1,20.4
1748,2022-10-16,일,,11959,1395,13354,9.9,0.0
1749,2022-10-17,월,,1983,961,2944,11.1,
1750,2022-10-18,화,,1449,1456,2905,13.5,
1751,2022-10-19,수,,1641,1546,3187,16.3,
1752,2022-10-20,목,,2214,1967,4181,17.1,
1753,2022-10-21,금,,4136,2203,6339,18.2,
1754,2022-10-22,토,,11865,2168,14033,16.9,
1755,2022-10-23,일,,13719,2015,15734,11.2,
1756,2022-10-24,월,,2138,1062,3200,9.4,
1757,2022-10-25,화,,1705,1392,3097,10.5,
1758,2022-10-26,수,,5406,1850,7256,12.9,
1759,2022-10-27,목,,2616,1866,4482,14.0,
1760,2022-10-28,금,,3862,1787,5649,15.1,
1761,2022-10-29,토,,13553,2862,16415,14.0,
1762,2022-10-30,일,,26574,2035,28609,10.6,
1763,2022-10-31,월,,2521,1396,3917,11.3,
1764,2021-11-01,월,,1781,1387,3168,12.9,
1765,2021-11-02,화,,1833,1520,3353,13.2,
1766,2021-11-03,수,,1824,1486,3310,13.6,
1767,2021-11-04,목,,1401,1132,2533,14.8,
1768,2021-11-05,금,,2424,1422,3846,14.9,
1769,2021-11-06,토,,12387,2705,15092,14.9,
1770,2021-11-07,일,,13569,3131,16700,13.1,
1771,2021-11-08,월,,66,105,171,11.1,
1772,2021-11-09,화,,112,273,385,9.3,0.0
1773,2021-11-10,수,,413,517,930,4.9,
1774,2021-11-11,목,,666,849,1515,6.5,
1775,2021-11-12,금,,914,679,1593,9.6,
1776,2021-11-13,토,,5588,1051,6639,11.4,0.0
1777,2021-11-14,일,,7442,994,8436,12.9,
1778,2021-11-15,월,,1071,609,1680,11.4,
1779,2021-11-16,화,,2957,708,3665,13.5,
1780,2021-11-17,수,,938,693,1631,15.6,
1781,2021-11-18,목,,665,408,1073,16.3,57.9
1782,2021-11-19,금,,1266,482,1748,10.3,
1783,2021-11-20,토,,3668,653,4321,9.7,
1784,2021-11-21,일,,2607,433,3040,8.1,1.6
1785,2021-11-22,월,,401,282,683,8.5,
1786,2021-11-23,화,,172,264,436,10.2,
1787,2021-11-24,수,,256,267,523,11.0,
1788,2021-11-25,목,,343,322,665,12.9,
1789,2021-11-26,금,,15982,251,16233,13.7,
1790,2021-11-27,토,,15346,646,15992,11.8,
1791,2021-11-28,일,,4109,541,4650,10.7,0.0
1792,2021-11-29,월,,787,350,1137,10.8,0.0
1793,2021-11-30,화,,32,109,141,9.4,
1794,2021-12-01,수,,116,205,321,12.3,1.7
1795,2021-12-02,목,,155,231,386,6.7,
1796,2021-12-03,금,,183,178,361,5.4,
1797,2021-12-04,토,,1384,357,1741,12.3,19.5
1798,2021-12-05,일,,2422,408,2830,6.9,3.8
1799,2021-12-06,월,,379,317,696,-5.4,
1800,2021-12-07,화,,1455,321,1776,,
1801,2021-12-08,수,,430,314,744,-5.4,
1802,2021-12-09,목,,394,251,645,-2.5,
1803,2021-12-10,금,,238,166,404,2.1,1.1
1804,2021-12-11,토,,2231,457,2688,-3.5,
1805,2021-12-12,일,,2082,333,2415,-3.1,
1806,2021-12-13,월,,140,127,267,0.9,0.1
1807,2021-12-14,화,,336,232,568,4.9,0.1
1808,2021-12-15,수,,163,176,339,3.7,
1809,2021-12-16,목,,137,218,355,4.5,0.0
1810,2021-12-17,금,,220,123,343,2.6,
1811,2021-12-18,토,,162,150,312,1.6,
1812,2021-12-19,일,,385,188,573,2.0,5.4
1813,2021-12-20,월,,262,209,471,0.0,0.6
1814,2021-12-21,화,,215,245,460,-8.4,
1815,2021-12-22,수,,222,205,427,-4.5,2.4
1816,2021-12-23,목,,230,200,430,-6.3,
1817,2021-12-24,금,,183,120,303,-7.0,0.2
1818,2021-12-25,토,,284,106,390,-9.5,
1819,2021-12-26,일,,140,83,223,-7.0,
1820,2021-12-27,월,,12864,91,12955,-3.2,
1821,2021-12-28,화,,127,190,317,-0.1,3.6
1822,2021-12-29,수,,217,177,394,-7.8,
1823,2021-12-30,목,,236,184,420,-11.8,
1824,2021-12-31,금,,102,100,202,-8.4,
