,날짜,요일,날씨,총계,평균기온(℃),강수량(mm)
0,01-01,월,맑음,2316,-1.3,0.0
1,01-02,화,구름 조금,988,-1.8,1.25
2,01-03,수,구름 조금,694,-4.7,1.25
3,01-04,목,흐림,671,-4.7,6.5
4,01-05,금,구름 조금,758,-3.0,1.25
5,01-06,토,맑음,1935,-2.8,0.0
6,01-07,일,흐림,1881,-0.8,6.5
7,01-08,월,흐림,634,1.3,0.0
8,01-09,화,구름 많음,523,-4.2,0.0
9,01-10,수,구름 조금,382,-7.5,0.0
10,01-11,목,맑음,312,-11.1,0.0
11,01-12,금,맑음,228,-10.2,0.0
12,01-13,토,맑음,1015,-4.4,0.0
13,01-14,일,구름 많음,1654,0.6,0.0
14,01-15,월,구름 조금,645,4.7,0.0
15,01-16,화,비,699,3.5,0.0
16,01-17,수,구름 조금,631,4.5,1.25
17,01-18,목,구름 많음,1503,2.1,0.0
18,01-19,금,맑음,918,1.0,0.0
19,01-20,토,구름 조금,2083,2.2,1.25
20,01-21,일,구름 많음,2123,0.4,0.0
21,01-22,월,눈,852,0.2,0.0
22,01-23,화,맑음,363,-11.7,0.0
23,01-24,수,맑음,128,-14.2,0.0
24,01-25,목,맑음,162,-14.0,0.0
25,01-26,금,맑음,222,-14.8,0.0
26,01-27,토,구름 조금,655,-9.9,1.25
27,01-28,일,구름 조금,962,-6.3,1.25
28,01-29,월,맑음,409,-8.5,0.0
29,01-30,화,구름 많음,9660,-5.3,0.0
30,01-31,수,구름 많음,585,-2.6,0.0
31,02-01,목,맑음,679,-4.0,0.0
32,02-02,금,구름 많음,704,-2.4,0.0
33,02-03,토,구름 조금,1049,-7.3,0.0
34,02-04,일,맑음,790,-9.5,0.0
35,02-05,월,맑음,348,-9.4,0.0
36,02-06,화,구름 조금,369,-10.1,1.25
37,02-07,수,구름 많음,418,-8.0,0.0
38,02-08,목,맑음,724,-4.4,0.0
39,02-09,금,맑음,657,0.4,0.0
40,02-10,토,맑음,1861,-0.5,0.0
41,02-11,일,눈,1159,-6.1,0.0
42,02-12,월,구름 많음,499,-5.8,0.0
43,02-13,화,맑음,725,-0.8,0.0
44,02-14,수,맑음,810,3.5,0.0
45,02-15,목,구름 조금,1765,-0.7,1.25
46,02-16,금,맑음,3007,-1.1,0.0
47,02-17,토,맑음,3590,-3.0,0.0
48,02-18,일,구름 많음,3370,-0.4,0.0
49,02-19,월,구름 많음,1558,1.8,0.0
50,02-20,화,구름 조금,1243,0.9,1.25
51,02-21,수,구름 조금,1169,-0.9,1.25
52,02-22,목,구름 많음,1348,1.3,0.0
53,02-23,금,구름 조금,1079,4.2,0.0
54,02-24,토,구름 많음,3362,2.4,0.0
55,02-25,일,맑음,6139,1.9,0.0
56,02-26,월,구름 조금,2252,3.1,1.25
57,02-27,화,흐림,1517,4.2,6.5
58,02-28,수,비,626,4.6,0.0
59,03-01,목,맑음,3290,13.707370184254607,0.0
60,03-02,금,맑음,1500,13.707370184254607,0.0
61,03-03,토,구름 많음,14540,13.707370184254607,0.0
62,03-04,일,흐림,3619,-0.2,0.0
63,03-05,월,구름 조금,1049,-0.7,1.25
64,03-06,화,구름 조금,1751,7.9,0.0
65,03-07,수,구름 많음,1434,9.8,0.0
66,03-08,목,흐림,604,5.5,0.0
67,03-09,금,구름 조금,1366,4.5,1.25
68,03-10,토,구름 조금,10723,6.4,0.0
69,03-11,일,구름 조금,14512,4.6,0.0
70,03-12,월,맑음,1555,4.5,0.0
71,03-13,화,구름 조금,1819,4.6,1.25
72,03-14,수,구름 조금,3032,6.4,1.25
73,03-15,목,비,390,8.0,20.0
74,03-16,금,맑음,2101,12.4,0.0
75,03-17,토,구름 많음,21711,17.0,0.0
76,03-18,일,흐림,11340,12.4,0.0
77,03-19,월,구름 조금,785,7.1,1.25
78,03-20,화,구름 많음,1228,6.6,0.0
79,03-21,수,눈,2184,8.2,0.0
80,03-22,목,맑음,1559,8.0,0.0
81,03-23,금,구름 조금,1922,4.7,1.25
82,03-24,토,구름 조금,8418,2.1,0.0
83,03-25,일,맑음,7334,4.9,0.0
84,03-26,월,맑음,1227,6.1,0.0
85,03-27,화,구름 조금,1297,7.6,1.25
86,03-28,수,구름 조금,1830,9.6,1.25
87,03-29,목,구름 조금,1588,11.0,1.25
88,03-30,금,맑음,3670,13.3,0.0
89,03-31,토,구름 조금,24609,14.0,1.25
90,04-01,일,흐림,15121,15.4,6.5
91,04-02,월,맑음,2785,14.8,0.0
92,04-03,화,맑음,3689,14.0,0.0
93,04-04,수,맑음,2575,15.6,0.0
94,04-05,목,맑음,992,18.4,0.0
95,04-06,금,구름 많음,3920,17.8,0.0
96,04-07,토,구름 많음,12741,13.4,0.0
97,04-08,일,흐림,12683,7.6,0.0
98,04-09,월,구름 조금,5775,5.8,0.0
99,04-10,화,구름 많음,7236,4.2,0.0
100,04-11,수,맑음,4184,3.9,0.0
101,04-12,목,맑음,7264,7.9,0.0
102,04-13,금,구름 많음,8694,15.1,0.0
103,04-14,토,흐림,2097,12.6,6.5
104,04-15,일,구름 조금,21355,13.3,1.25
105,04-16,월,구름 조금,5480,14.6,1.25
106,04-17,화,맑음,5164,9.0,0.0
107,04-18,수,맑음,5634,9.5,0.0
108,04-19,목,맑음,5069,11.6,0.0
109,04-20,금,맑음,5353,12.9,0.0
110,04-21,토,구름 조금,32610,12.4,1.25
111,04-22,일,비,7680,14.0,20.0
112,04-23,월,비,288,18.4,20.0
113,04-24,화,구름 많음,4340,18.7,0.0
114,04-25,수,맑음,8633,15.5,0.0
115,04-26,목,구름 조금,15833,9.3,0.0
116,04-27,금,맑음,14350,12.1,0.0
117,04-28,토,맑음,22964,14.6,0.0
118,04-29,일,구름 조금,29774,14.9,1.25
119,04-30,월,구름 조금,15101,15.7,1.25
120,05-01,화,흐림,22284,15.4,6.5
121,05-02,수,비,1349,16.2,20.0
122,05-03,목,흐림,9103,19.2,6.5
123,05-04,금,맑음,11398,13.707370184254607,0.0
124,05-05,토,맑음,52310,20.4,0.0
125,05-06,일,비,3344,15.1,0.0
126,05-07,월,구름 많음,32821,11.2,0.0
127,05-08,화,맑음,5728,14.1,0.0
128,05-09,수,맑음,5892,18.3,0.0
129,05-10,목,비,6762,16.6,22.0
130,05-11,금,구름 많음,9835,19.2,0.0
131,05-12,토,비,1345,17.5,20.0
132,05-13,일,구름 조금,23131,15.7,1.25
133,05-14,월,맑음,4102,15.4,0.0
134,05-15,화,구름 많음,4825,16.1,0.0
135,05-16,수,비,896,14.2,0.0
136,05-17,목,비,1309,15.8,0.0
137,05-18,금,흐림,5492,18.2,6.5
138,05-19,토,맑음,33655,23.2,0.0
139,05-20,일,구름 많음,30449,22.3,0.0
140,05-21,월,구름 조금,19298,20.9,0.0
141,05-22,화,흐림,28495,16.3,0.0
142,05-23,수,맑음,6302,17.6,0.0
143,05-24,목,맑음,6387,17.0,0.0
144,05-25,금,구름 많음,8457,17.8,0.0
145,05-26,토,맑음,27705,18.1,0.0
146,05-27,일,구름 많음,32244,17.3,0.0
147,05-28,월,구름 조금,27205,18.3,1.25
148,05-29,화,구름 많음,8741,19.7,0.0
149,05-30,수,구름 많음,7303,21.8,0.0
150,05-31,목,맑음,26276,20.3,0.0
151,06-01,금,맑음,9969,22.3,0.0
152,06-02,토,맑음,26341,21.4,0.0
153,06-03,일,맑음,25808,20.2,0.0
154,06-04,월,구름 많음,5922,20.9,0.0
155,06-05,화,구름 조금,9027,23.8,1.25
156,06-06,수,맑음,29944,23.4,0.0
157,06-07,목,구름 조금,6171,24.0,1.25
158,06-08,금,구름 조금,7157,22.6,1.25
159,06-09,토,흐림,18036,23.7,6.5
160,06-10,일,흐림,19328,23.0,6.5
161,06-11,월,구름 많음,3626,22.2,0.0
162,06-12,화,구름 조금,5547,21.9,1.25
163,06-13,수,구름 많음,17997,23.7,0.0
164,06-14,목,비,1766,21.3,0.0
165,06-15,금,구름 조금,4362,20.2,0.0
166,06-16,토,구름 조금,15207,21.3,0.0
167,06-17,일,구름 많음,12254,22.0,0.0
168,06-18,월,맑음,2432,21.6,0.0
169,06-19,화,구름 많음,3781,21.7,0.0
170,06-20,수,구름 조금,3212,22.5,1.25
171,06-21,목,맑음,2893,22.8,0.0
172,06-22,금,구름 조금,16022,24.8,1.25
173,06-23,토,구름 많음,8845,22.4,0.0
174,06-24,일,맑음,6553,22.7,0.0
175,06-25,월,구름 많음,2284,23.7,0.0
176,06-26,화,비,13766,25.0,20.0
177,06-27,수,구름 많음,1986,24.5,0.0
178,06-28,목,구름 많음,1969,25.2,0.0
179,06-29,금,구름 많음,8100,27.1,0.0
180,06-30,토,비,3604,22.3,0.0
181,07-01,일,비,411,22.3,0.0
182,07-02,월,비,334,23.3,0.0
183,07-03,화,구름 많음,1777,24.7,0.0
184,07-04,수,구름 많음,1568,24.4,0.0
185,07-05,목,비,1283,13.707370184254607,20.0
186,07-06,금,구름 많음,2418,21.9,0.0
187,07-07,토,구름 많음,11179,22.6,0.0
188,07-08,일,흐림,12207,27.4,0.0
189,07-09,월,비,574,27.3,20.0
190,07-10,화,흐림,1614,25.3,0.0
191,07-11,수,구름 많음,1407,23.9,0.0
192,07-12,목,구름 조금,2517,23.7,1.25
193,07-13,금,구름 많음,1356,23.3,0.0
194,07-14,토,구름 조금,3918,20.8,0.0
195,07-15,일,구름 조금,3031,23.7,0.0
196,07-16,월,맑음,852,26.8,0.0
197,07-17,화,맑음,1139,26.6,0.0
198,07-18,수,맑음,14697,27.3,0.0
199,07-19,목,맑음,899,27.9,0.0
200,07-20,금,맑음,756,28.3,0.0
201,07-21,토,맑음,1537,28.7,0.0
202,07-22,일,구름 조금,1228,28.1,1.25
203,07-23,월,맑음,605,28.2,0.0
204,07-24,화,맑음,516,28.7,0.0
205,07-25,수,맑음,651,29.5,0.0
206,07-26,목,맑음,712,30.6,0.0
207,07-27,금,구름 많음,1830,31.8,0.0
208,07-28,토,비,1410,31.7,20.0
209,07-29,일,구름 조금,1620,31.4,1.25
210,07-30,월,구름 많음,937,30.1,0.0
211,07-31,화,구름 조금,1320,30.1,1.25
212,08-01,수,맑음,607,30.9,0.0
213,08-02,목,구름 조금,792,29.5,0.0
214,08-03,금,구름 조금,701,31.3,1.25
215,08-04,토,구름 조금,1558,31.7,1.25
216,08-05,일,구름 많음,1690,32.6,0.0
217,08-06,월,구름 많음,815,33.6,0.0
218,08-07,화,구름 많음,816,33.7,0.0
219,08-08,수,구름 많음,720,33.1,0.0
220,08-09,목,비,1072,31.1,20.0
221,08-10,금,비,725,30.0,0.0
222,08-11,토,구름 조금,2070,30.5,0.0
223,08-12,일,구름 많음,3107,30.5,0.0
224,08-13,월,구름 많음,865,31.0,0.0
225,08-14,화,구름 많음,943,28.8,0.0
226,08-15,수,구름 많음,1790,30.7,0.0
227,08-16,목,구름 조금,755,31.0,1.25
228,08-17,금,맑음,1690,30.6,0.0
229,08-18,토,구름 조금,7856,30.5,0.0
230,08-19,일,구름 많음,7320,31.7,0.0
231,08-20,월,구름 많음,1315,31.7,0.0
232,08-21,화,구름 많음,1185,29.9,0.0
233,08-22,수,구름 조금,1501,27.2,1.25
234,08-23,목,비,520,26.7,20.0
235,08-24,금,비,480,28.2,20.0
236,08-25,토,구름 많음,10258,29.1,0.0
237,08-26,일,비,5426,26.6,0.0
238,08-27,월,비,549,30.7,20.0
239,08-28,화,비,644,29.4,0.0
240,08-29,수,비,4342,24.4,0.0
241,08-30,목,구름 많음,1066,25.2,0.0
242,08-31,금,구름 많음,2373,23.2,0.0
243,09-01,토,구름 조금,15182,22.7,0.0
244,09-02,일,구름 많음,15541,23.7,0.0
245,09-03,월,비,684,25.2,0.0
246,09-04,화,구름 조금,2211,25.3,0.0
247,09-05,수,맑음,2910,25.6,0.0
248,09-06,목,구름 많음,2383,25.5,0.0
249,09-07,금,구름 조금,3470,25.1,1.25
250,09-08,토,맑음,22103,23.3,0.0
251,09-09,일,구름 조금,23202,23.2,1.25
252,09-10,월,구름 조금,3329,24.0,1.25
253,09-11,화,구름 많음,3546,24.1,0.0
254,09-12,수,구름 조금,3032,22.0,0.0
255,09-13,목,구름 많음,3182,21.7,0.0
256,09-14,금,흐림,3111,22.2,6.5
257,09-15,토,흐림,10686,22.9,6.5
258,09-16,일,흐림,9048,21.6,6.5
259,09-17,월,맑음,3011,22.8,0.0
260,09-18,화,구름 많음,3310,23.5,0.0
261,09-19,수,구름 많음,7333,23.5,0.0
262,09-20,목,흐림,1696,23.3,0.0
263,09-21,금,흐림,741,22.2,0.0
264,09-22,토,맑음,14301,22.3,0.0
265,09-23,일,구름 많음,13065,22.0,0.0
266,09-24,월,맑음,19661,22.1,0.0
267,09-25,화,맑음,29558,19.0,0.0
268,09-26,수,구름 조금,21131,19.4,0.0
269,09-27,목,흐림,5153,20.8,6.5
270,09-28,금,구름 조금,5910,19.4,0.0
271,09-29,토,맑음,22289,17.6,0.0
272,09-30,일,맑음,19868,17.8,0.0
273,10-01,월,구름 많음,3207,19.4,0.0
274,10-02,화,맑음,4863,18.9,0.0
275,10-03,수,맑음,27449,17.5,0.0
276,10-04,목,구름 조금,4159,20.2,1.25
277,10-05,금,비,1426,17.6,20.0
278,10-06,토,비,1355,13.707370184254607,20.0
279,10-07,일,구름 조금,22060,15.4,0.0
280,10-08,월,구름 조금,11611,15.9,1.25
281,10-09,화,구름 많음,27514,17.3,0.0
282,10-10,수,구름 조금,3384,19.3,1.25
283,10-11,목,구름 조금,5071,16.9,0.0
284,10-12,금,맑음,8295,18.0,0.0
285,10-13,토,맑음,16641,16.4,0.0
286,10-14,일,구름 많음,17762,14.8,0.0
287,10-15,월,맑음,7580,15.3,0.0
288,10-16,화,구름 많음,4861,12.0,0.0
289,10-17,수,맑음,5903,9.7,0.0
290,10-18,목,비,5146,10.9,20.0
291,10-19,금,맑음,11385,12.5,0.0
292,10-20,토,맑음,22515,13.2,0.0
293,10-21,일,맑음,21366,15.2,0.0
294,10-22,월,맑음,4455,14.5,0.0
295,10-23,화,비,2405,12.4,20.0
296,10-24,수,맑음,5240,12.7,0.0
297,10-25,목,구름 조금,6662,13.1,1.25
298,10-26,금,비,14286,13.4,20.0
299,10-27,토,구름 많음,21561,13.4,0.0
300,10-28,일,비,4916,14.0,20.0
301,10-29,월,구름 많음,3342,12.2,0.0
302,10-30,화,구름 조금,3786,12.5,1.25
303,10-31,수,맑음,5730,13.8,0.0
304,11-01,목,맑음,3923,12.2,0.0
305,11-02,금,맑음,5152,8.7,0.0
306,11-03,토,맑음,16626,8.3,0.0
307,11-04,일,구름 조금,15903,7.2,0.0
308,11-05,월,구름 조금,2780,6.1,0.0
309,11-06,화,구름 많음,2108,7.4,0.0
310,11-07,수,흐림,1321,8.4,6.5
311,11-08,목,비,576,10.6,20.0
312,11-09,금,구름 조금,2922,11.2,1.25
313,11-10,토,맑음,6233,11.6,0.0
314,11-11,일,비,5204,11.9,20.0
315,11-12,월,맑음,2316,12.2,0.0
316,11-13,화,맑음,2244,12.8,0.0
317,11-14,수,맑음,2219,11.8,0.0
318,11-15,목,구름 많음,1911,12.1,0.0
319,11-16,금,구름 많음,1626,11.9,0.0
320,11-17,토,구름 많음,6659,8.1,0.0
321,11-18,일,구름 많음,6404,8.1,0.0
322,11-19,월,구름 조금,1383,8.8,1.25
323,11-20,화,맑음,1427,9.8,0.0
324,11-21,수,비,893,9.7,20.0
325,11-22,목,맑음,4964,8.8,0.0
326,11-23,금,맑음,1208,4.9,0.0
327,11-24,토,구름 많음,1404,6.1,0.0
328,11-25,일,구름 조금,3699,6.5,1.25
329,11-26,월,맑음,1169,6.5,0.0
330,11-27,화,구름 많음,923,5.8,0.0
331,11-28,수,구름 조금,895,2.3,1.25
332,11-29,목,구름 많음,8472,1.9,0.0
333,11-30,금,구름 조금,987,2.6,0.0
334,12-01,토,맑음,4005,4.8,0.0
335,12-02,일,흐림,3381,6.3,6.5
336,12-03,월,흐림,356,7.1,6.5
337,12-04,화,구름 많음,610,5.0,0.0
338,12-05,수,구름 많음,815,3.5,0.0
339,12-06,목,구름 많음,878,2.7,0.0
340,12-07,금,구름 조금,440,13.707370184254607,1.25
341,12-08,토,구름 조금,807,5.5,1.25
342,12-09,일,구름 조금,808,8.2,1.25
343,12-10,월,맑음,553,11.5,0.0
344,12-11,화,흐림,997,6.7,0.0
345,12-12,수,맑음,2089,0.0,0.0
346,12-13,목,구름 조금,854,2.4,0.0
347,12-14,금,맑음,456,-7.3,0.0
348,12-15,토,구름 조금,1381,-8.3,1.25
349,12-16,일,흐림,1134,-7.2,6.5
350,12-17,월,맑음,656,-2.5,0.0
351,12-18,화,구름 조금,861,0.2,1.25
352,12-19,수,구름 조금,809,-1.9,1.25
353,12-20,목,구름 조금,876,-2.2,0.0
354,12-21,금,구름 많음,1630,-4.4,0.0
355,12-22,토,구름 조금,1982,-2.4,1.25
356,12-23,일,맑음,2948,0.0,0.0
357,12-24,월,맑음,982,1.6,0.0
358,12-25,화,흐림,2402,2.6,6.5
359,12-26,수,구름 조금,752,4.0,1.25
360,12-27,목,맑음,3943,3.4,0.0
361,12-28,금,맑음,357,5.6,0.0
362,12-29,토,맑음,734,6.9,0.0
363,12-30,일,맑음,915,2.4,0.0
364,12-31,월,맑음,834,-2.3,0.0
365,01-01,화,구름 조금,1524,-5.0,1.25
366,01-02,수,맑음,634,-4.9,0.0
367,01-03,목,맑음,777,-3.5,0.0
368,01-04,금,구름 많음,690,-1.1,0.0
369,01-05,토,맑음,1601,-2.8,0.0
370,01-06,일,맑음,2057,-2.8,0.0
371,01-07,월,맑음,773,-1.9,0.0
372,01-08,화,맑음,804,-3.5,0.0
373,01-09,수,구름 많음,529,-4.7,0.0
374,01-10,목,구름 많음,839,-0.6,0.0
375,01-11,금,맑음,814,2.4,0.0
376,01-12,토,맑음,1855,2.8,0.0
377,01-13,일,맑음,1680,1.2,0.0
378,01-14,월,맑음,433,1.4,0.0
379,01-15,화,구름 조금,493,-1.7,0.0
380,01-16,수,맑음,674,-5.2,0.0
381,01-17,목,맑음,1220,-0.3,0.0
382,01-18,금,맑음,810,0.6,0.0
383,01-19,토,흐림,1738,3.6,6.5
384,01-20,일,맑음,2064,-1.4,0.0
385,01-21,월,구름 조금,731,-1.2,0.0
386,01-22,화,구름 조금,988,1.7,1.25
387,01-23,수,맑음,756,2.0,0.0
388,01-24,목,구름 조금,1010,0.1,1.25
389,01-25,금,맑음,882,-1.2,0.0
390,01-26,토,맑음,2023,-2.5,0.0
391,01-27,일,맑음,2391,-0.1,0.0
392,01-28,월,구름 조금,703,1.2,0.0
393,01-29,화,구름 조금,938,-0.2,1.25
394,01-30,수,구름 많음,716,1.8,0.0
395,01-31,목,구름 많음,1624,-2.0,0.0
396,02-01,금,맑음,626,-2.1,0.0
397,02-02,토,구름 많음,1630,1.4,0.0
398,02-03,일,비,405,3.3,0.0
399,02-04,월,맑음,2550,-0.6,0.0
400,02-05,화,맑음,3855,2.8,0.0
401,02-06,수,맑음,4046,5.1,0.0
402,02-07,목,구름 조금,996,-2.1,0.0
403,02-08,금,맑음,771,-6.1,0.0
404,02-09,토,맑음,1771,-5.4,0.0
405,02-10,일,구름 많음,1652,-5.0,0.0
406,02-11,월,맑음,732,-3.0,0.0
407,02-12,화,구름 조금,1041,-0.6,0.0
408,02-13,수,맑음,917,-2.1,0.0
409,02-14,목,구름 많음,1290,-0.5,0.0
410,02-15,금,흐림,587,-0.8,0.0
411,02-16,토,맑음,1889,-2.7,0.0
412,02-17,일,맑음,2834,-1.8,0.0
413,02-18,월,맑음,1084,0.9,0.0
414,02-19,화,구름 많음,514,1.4,4.6
415,02-20,수,구름 조금,832,1.7,0.0
416,02-21,목,맑음,998,2.4,0.0
417,02-22,금,구름 많음,1005,4.0,0.0
418,02-23,토,맑음,4086,6.8,0.0
419,02-24,일,맑음,7466,6.3,0.0
420,02-25,월,맑음,1428,4.7,0.0
421,02-26,화,맑음,2285,5.2,0.0
422,02-27,수,구름 많음,2595,7.8,0.0
423,02-28,목,구름 조금,2135,6.6,1.25
424,03-01,금,맑음,6264,13.707370184254607,0.0
425,03-02,토,맑음,5491,13.707370184254607,0.0
426,03-03,일,맑음,4393,13.707370184254607,0.0
427,03-04,월,맑음,822,6.6,0.0
428,03-05,화,구름 많음,649,7.8,0.0
429,03-06,수,구름 많음,513,9.4,0.0
430,03-07,목,맑음,1196,9.9,0.0
431,03-08,금,맑음,1622,8.4,0.0
432,03-09,토,맑음,17833,8.4,0.0
433,03-10,일,맑음,9254,7.0,0.0
434,03-11,월,맑음,1025,6.1,0.0
435,03-12,화,맑음,1326,7.2,0.0
436,03-13,수,맑음,1064,10.1,0.0
437,03-14,목,구름 조금,1351,6.6,0.0
438,03-15,금,눈/비,963,3.9,0.0
439,03-16,토,구름 많음,8722,3.5,0.0
440,03-17,일,구름 조금,15718,5.0,0.0
441,03-18,월,구름 많음,1945,5.5,3.5
442,03-19,화,맑음,2077,4.3,0.0
443,03-20,수,흐림,759,6.3,6.5
444,03-21,목,구름 많음,1144,7.1,0.0
445,03-22,금,맑음,1477,10.0,0.0
446,03-23,토,눈/비,3562,10.3,0.0
447,03-24,일,맑음,12787,7.1,0.0
448,03-25,월,구름 많음,1538,3.3,0.0
449,03-26,화,구름 조금,1744,3.3,0.0
450,03-27,수,구름 많음,1117,4.3,0.0
451,03-28,목,구름 많음,1665,7.3,0.0
452,03-29,금,구름 조금,2870,11.4,1.25
453,03-30,토,흐림,2452,11.6,6.5
454,03-31,일,구름 조금,4418,9.4,1.25
455,04-01,월,구름 조금,1876,9.2,1.25
456,04-02,화,구름 조금,2081,5.2,0.0
457,04-03,수,맑음,3957,4.4,0.0
458,04-04,목,맑음,3060,5.5,0.0
459,04-05,금,맑음,4100,6.7,0.0
460,04-06,토,비,11272,7.6,20.0
461,04-07,일,구름 조금,31924,9.2,1.25
462,04-08,월,맑음,5501,11.4,0.0
463,04-09,화,비,3029,9.3,0.0
464,04-10,수,흐림,2124,12.6,6.5
465,04-11,목,구름 많음,8577,11.6,0.0
466,04-12,금,맑음,9296,9.2,0.0
467,04-13,토,구름 많음,39200,7.1,0.0
468,04-14,일,흐림,5017,9.5,6.5
469,04-15,월,맑음,6556,11.4,0.0
470,04-16,화,구름 많음,6982,11.8,0.0
471,04-17,수,맑음,6040,9.6,0.0
472,04-18,목,맑음,4791,11.6,0.0
473,04-19,금,맑음,6494,14.9,0.0
474,04-20,토,맑음,29419,15.3,0.0
475,04-21,일,구름 조금,19874,12.6,0.0
476,04-22,월,맑음,4445,13.8,0.0
477,04-23,화,흐림,3905,14.3,0.0
478,04-24,수,구름 많음,3475,14.8,0.0
479,04-25,목,비,6869,19.3,20.0
480,04-26,금,구름 많음,3550,20.4,0.0
481,04-27,토,구름 조금,23777,19.5,0.0
482,04-28,일,구름 많음,17964,13.2,0.0
483,04-29,월,흐림,3283,8.4,0.0
484,04-30,화,맑음,6833,11.6,0.0
485,05-01,수,구름 조금,26327,12.9,0.0
486,05-02,목,맑음,6977,13.0,0.0
487,05-03,금,맑음,9589,15.5,0.0
488,05-04,토,구름 조금,17366,13.707370184254607,1.25
489,05-05,일,구름 조금,43255,16.4,1.25
490,05-06,월,맑음,31870,17.1,0.0
491,05-07,화,맑음,4534,17.9,0.0
492,05-08,수,구름 많음,3574,19.5,0.0
493,05-09,목,구름 조금,5572,19.2,1.25
494,05-10,금,구름 조금,7701,14.5,0.0
495,05-11,토,맑음,17093,15.0,0.0
496,05-12,일,맑음,17370,15.6,0.0
497,05-13,월,맑음,3194,16.6,0.0
498,05-14,화,맑음,6529,17.8,0.0
499,05-15,수,구름 조금,6094,20.3,1.25
500,05-16,목,맑음,5200,21.6,0.0
501,05-17,금,구름 많음,8945,18.7,0.0
502,05-18,토,맑음,16276,19.6,0.0
503,05-19,일,맑음,2666,20.7,0.0
504,05-20,월,맑음,3766,23.5,0.0
505,05-21,화,맑음,7521,23.6,0.0
506,05-22,수,구름 조금,6119,22.8,0.0
507,05-23,목,비,6060,19.4,22.0
508,05-24,금,흐림,7253,16.4,8.7
509,05-25,토,맑음,23240,17.2,0.0
510,05-26,일,맑음,25575,19.5,0.0
511,05-27,월,흐림,1162,22.1,6.5
512,05-28,화,맑음,9372,24.2,0.0
513,05-29,수,맑음,8026,23.4,0.0
514,05-30,목,구름 많음,19350,24.5,0.0
515,05-31,금,구름 조금,8759,17.8,0.0
516,06-01,토,구름 많음,26364,18.1,0.0
517,06-02,일,맑음,25449,20.3,0.0
518,06-03,월,맑음,6056,19.6,0.0
519,06-04,화,맑음,6528,19.1,0.0
520,06-05,수,맑음,6975,18.9,0.0
521,06-06,목,맑음,21962,21.1,0.0
522,06-07,금,흐림,2612,23.1,6.5
523,06-08,토,맑음,27175,22.6,0.0
524,06-09,일,비,15525,23.0,20.0
525,06-10,월,흐림,3073,21.2,0.0
526,06-11,화,구름 많음,4733,20.0,0.0
527,06-12,수,맑음,4792,21.9,0.0
528,06-13,목,맑음,3361,21.6,0.0
529,06-14,금,구름 많음,3441,18.4,0.0
530,06-15,토,비,12924,20.5,20.0
531,06-16,일,맑음,14680,21.5,0.0
532,06-17,월,맑음,3147,23.0,0.0
533,06-18,화,비,2085,23.0,20.0
534,06-19,수,구름 조금,2212,21.9,2.1
535,06-20,목,맑음,3271,22.0,0.0
536,06-21,금,구름 조금,2457,21.7,0.0
537,06-22,토,흐림,12601,20.8,13.8
538,06-23,일,맑음,11289,21.4,0.0
539,06-24,월,맑음,2921,22.7,0.0
540,06-25,화,맑음,2038,22.1,0.0
541,06-26,수,구름 많음,1954,24.2,0.0
542,06-27,목,구름 많음,1587,25.0,0.0
543,06-28,금,소나기,17126,25.2,0.0
544,06-29,토,흐림,4743,25.6,6.5
545,06-30,일,구름 조금,9422,25.5,0.0
546,07-01,월,구름 조금,2026,25.5,1.4
547,07-02,화,구름 조금,2076,24.7,0.0
548,07-03,수,구름 조금,1546,23.1,1.5
549,07-04,목,맑음,1671,23.9,0.0
550,07-05,금,맑음,1344,13.707370184254607,0.0
551,07-06,토,맑음,3647,23.9,0.0
552,07-07,일,맑음,4107,24.4,0.0
553,07-08,월,구름 많음,1440,24.1,0.0
554,07-09,화,맑음,1778,25.4,0.0
555,07-10,수,구름 조금,1412,27.6,0.0
556,07-11,목,맑음,1100,29.7,0.0
557,07-12,금,맑음,2070,26.7,0.0
558,07-13,토,흐림,7214,25.1,6.5
559,07-14,일,소나기,6264,25.0,0.0
560,07-15,월,소나기,1060,22.7,0.0
561,07-16,화,구름 많음,1684,21.9,2.9
562,07-17,수,맑음,1339,23.6,0.0
563,07-18,목,구름 조금,2643,24.9,0.0
564,07-19,금,맑음,1355,25.9,0.0
565,07-20,토,비,2468,23.8,0.0
566,07-21,일,흐림,2912,24.7,0.0
567,07-22,월,구름 많음,1429,25.6,0.0
568,07-23,화,소나기,1370,26.9,0.0
569,07-24,수,비,765,28.6,0.0
570,07-25,목,흐림,630,28.0,0.0
571,07-26,금,비,12704,25.1,0.0
572,07-27,토,흐림,2834,26.7,0.0
573,07-28,일,비,1144,28.1,20.0
574,07-29,월,구름 많음,2921,26.5,0.0
575,07-30,화,소나기,2230,26.3,0.0
576,07-31,수,비,724,25.1,0.0
577,08-01,목,구름 조금,3038,28.4,0.6
578,08-02,금,비,2886,26.1,25.6
579,08-03,토,구름 조금,2685,27.5,0.5
580,08-04,일,구름 조금,2468,28.1,1.2
581,08-05,월,구름 많음,1053,25.8,0.0
582,08-06,화,구름 많음,7204,26.3,0.0
583,08-07,수,맑음,1197,28.4,0.0
584,08-08,목,소나기,1250,29.4,0.0
585,08-09,금,맑음,886,28.3,0.0
586,08-10,토,맑음,1785,30.5,0.0
587,08-11,일,맑음,2657,31.6,0.0
588,08-12,월,흐림,428,26.9,8.0
589,08-13,화,구름 조금,1185,28.9,0.0
590,08-14,수,맑음,872,29.8,0.0
591,08-15,목,비,1120,31.5,20.0
592,08-16,금,구름 많음,3587,30.4,0.0
593,08-17,토,구름 많음,5430,26.6,0.0
594,08-18,일,맑음,7670,29.2,0.0
595,08-19,월,맑음,1854,30.4,0.0
596,08-20,화,흐림,1430,25.9,16.2
597,08-21,수,구름 조금,1328,25.9,0.1
598,08-22,목,구름 조금,1190,25.9,0.0
599,08-23,금,맑음,1863,25.6,0.0
600,08-24,토,구름 많음,10784,26.3,0.0
601,08-25,일,맑음,11007,28.2,0.0
602,08-26,월,맑음,1821,27.0,0.0
603,08-27,화,구름 많음,1711,26.9,0.0
604,08-28,수,구름 많음,1679,26.2,0.0
605,08-29,목,비,5198,24.1,20.0
606,08-30,금,소나기,2304,25.0,0.0
607,08-31,토,맑음,15428,26.4,0.0
608,09-01,일,구름 많음,14422,25.7,0.0
609,09-02,월,흐림,1994,26.1,6.5
610,09-03,화,비,1790,23.4,0.0
611,09-04,수,비,460,22.6,0.0
612,09-05,목,비,764,23.5,20.0
613,09-06,금,구름 많음,998,23.7,0.0
614,09-08,일,맑음,6033,24.4,0.0
615,09-09,월,구름 조금,925,24.1,0.0
616,09-10,화,비,987,22.8,22.7
617,09-11,수,흐림,1770,23.0,0.0
618,09-12,목,비,5460,25.3,0.0
619,09-13,금,맑음,19822,25.7,0.0
620,09-14,토,비,16120,24.7,0.0
621,09-15,일,구름 많음,14186,25.1,0.0
622,09-16,월,맑음,3182,23.8,0.0
623,09-17,화,맑음,2611,24.3,0.0
624,09-18,수,맑음,3172,21.0,0.0
625,09-19,목,맑음,3431,23.3,0.0
626,09-20,금,흐림,4563,22.4,0.0
627,09-21,토,맑음,10127,24.2,0.0
628,09-22,일,맑음,1126,24.5,0.0
629,09-23,월,맑음,2999,23.5,0.0
630,09-24,화,맑음,4136,21.0,0.0
631,09-25,수,구름 많음,3948,19.5,0.0
632,09-26,목,맑음,11123,19.6,0.0
633,09-27,금,구름 많음,4624,19.6,0.0
634,09-28,토,구름 많음,22637,18.6,0.0
635,09-29,일,맑음,18965,20.0,0.0
636,09-30,월,맑음,4098,19.8,0.0
637,10-01,화,구름 많음,3496,20.9,0.0
638,10-02,수,비,2251,22.9,20.0
639,10-03,목,구름 많음,15337,22.9,0.0
640,10-04,금,맑음,11882,23.7,0.0
641,10-05,토,비,16368,22.6,20.0
642,10-06,일,구름 많음,19596,22.4,0.0
643,10-07,월,비,453,13.707370184254607,20.0
644,10-08,화,맑음,6765,23.1,0.0
645,10-09,수,맑음,25533,21.6,0.0
646,10-10,목,흐림,4152,22.4,0.0
647,10-11,금,맑음,6444,22.4,0.0
648,10-12,토,구름 조금,18065,18.7,0.6
649,10-13,일,맑음,18452,18.1,0.0
650,10-14,월,비,3421,14.8,25.4
651,10-15,화,맑음,4828,14.7,0.0
652,10-16,수,맑음,4625,13.6,0.0
653,10-17,목,맑음,7092,15.2,0.0
654,10-18,금,맑음,8745,18.8,0.0
655,10-19,토,맑음,19166,17.9,0.0
656,10-20,일,맑음,16154,17.2,0.0
657,10-21,월,맑음,4135,14.4,0.0
658,10-22,화,구름 많음,4520,14.5,0.0
659,10-23,수,구름 많음,5540,14.6,0.0
660,10-24,목,구름 많음,4341,15.4,0.0
661,10-25,금,맑음,8133,17.0,0.0
662,10-26,토,구름 많음,17609,17.0,0.0
663,10-27,일,구름 많음,16692,16.5,0.0
664,10-28,월,맑음,3318,17.1,0.0
665,10-29,화,맑음,3791,18.1,0.0
666,10-30,수,맑음,12945,17.0,0.0
667,10-31,목,맑음,4014,18.3,0.0
668,11-01,금,맑음,3458,16.7,0.0
669,11-02,토,구름 많음,14026,10.0,0.0
670,11-03,일,구름 많음,11948,11.0,0.0
671,11-04,월,맑음,3977,12.9,0.0
672,11-05,화,구름 조금,3444,12.5,0.1
673,11-06,수,맑음,3086,11.2,0.0
674,11-07,목,맑음,3573,14.8,0.0
675,11-08,금,맑음,4592,14.9,0.0
676,11-09,토,맑음,12385,13.6,0.0
677,11-10,일,흐림,9306,14.7,6.5
678,11-11,월,맑음,2244,13.8,0.0
679,11-12,화,맑음,2867,12.4,0.0
680,11-13,수,맑음,1080,11.0,0.0
681,11-14,목,맑음,3890,9.2,0.0
682,11-15,금,맑음,618,6.8,0.0
683,11-16,토,맑음,6239,9.5,0.0
684,11-17,일,흐림,1062,10.0,11.8
685,11-18,월,구름 조금,893,11.2,1.1
686,11-19,화,맑음,2984,9.3,0.0
687,11-20,수,흐림,1030,7.2,7.5
688,11-21,목,맑음,1160,1.3,0.0
689,11-22,금,흐림,1700,5.6,18.8
690,11-23,토,구름 많음,7841,6.8,0.0
691,11-24,일,비,3749,8.3,21.1
692,11-25,월,흐림,922,4.6,14.7
693,11-26,화,구름 조금,1377,0.2,0.0
694,11-27,수,맑음,1223,0.5,0.0
695,11-28,목,구름 많음,1041,4.2,0.0
696,11-29,금,맑음,18132,9.7,0.0
697,11-30,토,구름 많음,3727,12.1,0.0
698,12-01,일,비,836,9.8,0.0
699,12-02,월,맑음,813,1.9,0.0
700,12-03,화,맑음,696,6.6,0.0
701,12-04,수,맑음,790,3.1,0.0
702,12-05,목,맑음,705,3.5,0.0
703,12-06,금,맑음,407,1.5,0.0
704,12-07,토,맑음,1326,4.1,0.0
705,12-08,일,맑음,2122,13.707370184254607,0.0
706,12-09,월,구름 많음,621,4.6,3.3
707,12-10,화,맑음,708,-0.1,0.0
708,12-11,수,맑음,645,0.5,0.0
709,12-12,목,구름 조금,1153,2.0,0.0
710,12-13,금,맑음,749,-4.4,0.0
711,12-14,토,맑음,2182,-5.9,0.0
712,12-15,일,구름 조금,3487,-2.4,0.1
713,12-16,월,맑음,1084,-0.9,0.0
714,12-17,화,구름 조금,473,3.2,0.0
715,12-18,수,구름 조금,1578,8.1,1.7
716,12-19,목,구름 조금,779,6.3,0.2
717,12-20,금,맑음,725,-0.7,0.0
718,12-21,토,구름 조금,1661,2.1,1.0
719,12-22,일,흐림,1967,2.7,0.0
720,12-23,월,구름 많음,699,5.3,0.0
721,12-24,화,맑음,959,7.8,0.0
722,12-25,수,흐림,2858,7.7,0.0
723,12-26,목,흐림,548,0.8,6.5
724,12-27,금,맑음,1302,-0.8,0.0
725,12-28,토,흐림,2110,-1.1,0.0
726,12-29,일,구름 조금,6913,-1.2,0.6
727,12-30,월,구름 조금,863,4.1,0.3
728,12-31,화,구름 많음,548,3.4,2.9
729,01-01,수,흐림,1239,-2.2,0.0
730,01-02,목,맑음,866,1.0,0.0
731,01-03,금,맑음,812,-0.1,0.0
732,01-04,토,맑음,2059,1.2,0.0
733,01-05,일,맑음,2721,1.3,0.0
734,01-06,월,비,466,3.1,0.0
735,01-07,화,비,281,6.3,0.0
736,01-08,수,흐림,622,2.4,0.0
737,01-09,목,맑음,1282,-1.2,0.0
738,01-10,금,맑음,786,-0.6,0.0
739,01-11,토,맑음,1961,-0.1,0.0
740,01-12,일,구름 많음,2180,-1.0,0.0
741,01-13,월,맑음,732,-2.9,0.0
742,01-14,화,구름 많음,895,-2.3,0.0
743,01-15,수,맑음,857,-2.7,0.0
744,01-16,목,구름 많음,762,-1.7,0.0
745,01-17,금,맑음,674,-0.6,0.0
746,01-18,토,맑음,2425,0.3,0.0
747,01-19,일,맑음,1539,1.9,0.0
748,01-20,월,맑음,761,0.7,0.0
749,01-21,화,맑음,763,-0.4,0.0
750,01-22,수,구름 많음,780,3.0,0.0
751,01-23,목,맑음,809,4.6,0.0
752,01-24,금,맑음,2041,2.8,0.0
753,01-25,토,맑음,3800,4.3,0.0
754,01-26,일,맑음,4597,5.5,0.0
755,01-27,월,흐림,2236,5.9,0.0
756,01-28,화,흐림,925,6.8,0.0
757,01-29,수,흐림,757,6.0,6.5
758,01-30,목,구름 많음,2013,5.2,0.0
759,01-31,금,구름 많음,628,3.9,0.0
760,02-01,토,구름 많음,1251,2.6,0.0
761,02-02,일,구름 많음,1142,1.5,0.0
762,02-03,월,맑음,521,-0.4,0.0
763,02-04,화,흐림,480,-1.6,0.0
764,02-05,수,맑음,301,-8.3,0.0
765,02-06,목,맑음,343,-6.4,0.0
766,02-07,금,흐림,415,-1.7,0.0
767,02-08,토,맑음,1313,-0.1,0.0
768,02-09,일,맑음,1484,-0.5,0.0
769,02-10,월,맑음,760,4.0,0.0
770,02-11,화,맑음,987,6.8,0.0
771,02-12,수,비,278,7.4,0.0
772,02-13,목,흐림,721,6.5,6.5
773,02-14,금,맑음,1049,8.1,0.0
774,02-15,토,흐림,3226,9.8,0.0
775,02-16,일,눈,665,-1.4,0.0
776,02-17,월,눈,378,-5.9,0.0
777,02-18,화,맑음,630,-4.1,0.0
778,02-19,수,맑음,822,1.0,0.0
779,02-20,목,맑음,882,4.6,0.0
780,02-21,금,흐림,565,6.7,0.0
781,02-22,토,맑음,791,4.0,0.0
782,02-23,일,맑음,1714,2.5,0.0
783,02-24,월,구름 많음,519,7.0,0.0
784,02-25,화,비,77,6.7,0.0
785,02-26,수,흐림,1275,6.4,0.0
786,02-27,목,맑음,687,6.1,0.0
787,02-28,금,비,1210,4.5,0.0
788,02-29,토,맑음,1384,7.7,0.0
789,03-01,일,흐림,1062,13.707370184254607,6.5
790,03-02,월,맑음,566,13.707370184254607,0.0
791,03-03,화,맑음,569,5.8,0.0
792,03-04,수,비/눈,372,3.4,0.0
793,03-05,목,맑음,585,4.8,0.0
794,03-06,금,맑음,793,2.2,0.0
795,03-07,토,구름 많음,2138,1.4,0.0
796,03-08,일,맑음,4584,3.7,0.0
797,03-09,월,흐림,920,7.0,6.5
798,03-10,화,비,134,9.3,20.0
799,03-11,수,맑음,1117,11.1,0.0
800,03-12,목,맑음,1212,6.4,0.0
801,03-13,금,맑음,907,3.8,0.0
802,03-14,토,구름 많음,3569,6.8,0.0
803,03-15,일,흐림,2683,4.9,0.0
804,03-16,월,맑음,869,3.6,0.0
805,03-17,화,구름 많음,596,4.0,0.0
806,03-18,수,맑음,1808,3.6,0.0
807,03-19,목,맑음,178,6.6,0.0
808,03-20,금,구름 많음,1569,10.0,0.0
809,03-21,토,구름 많음,5907,9.1,0.0
810,03-22,일,맑음,7744,8.8,0.0
811,03-23,월,맑음,1814,12.8,0.0
812,03-24,화,맑음,1988,11.0,0.0
813,03-25,수,맑음,1998,10.6,0.0
814,03-26,목,흐림,1218,11.4,6.5
815,03-27,금,맑음,1462,12.5,0.0
816,03-28,토,맑음,6187,14.8,0.0
817,03-29,일,맑음,8822,11.9,0.0
818,03-30,월,맑음,2259,7.7,0.0
819,03-31,화,맑음,2794,8.7,0.0
820,04-01,수,맑음,2319,10.2,0.0
821,04-02,목,구름 많음,3075,11.9,0.0
822,04-03,금,맑음,3217,11.3,0.0
823,04-04,토,맑음,7813,9.3,0.0
824,04-05,일,맑음,7693,10.0,0.0
825,04-06,월,맑음,2561,8.9,0.0
826,04-07,화,맑음,2433,7.2,0.0
827,04-08,수,맑음,2634,9.3,0.0
828,04-09,목,구름 많음,2197,10.6,0.0
829,04-10,금,구름 많음,2567,9.4,0.0
830,04-11,토,맑음,6481,8.9,0.0
831,04-12,일,구름 많음,5717,10.7,0.0
832,04-13,월,맑음,2404,9.9,0.0
833,04-14,화,맑음,3468,9.9,0.0
834,04-15,수,맑음,7392,12.4,0.0
835,04-16,목,맑음,2648,13.0,0.0
836,04-17,금,비,222,13.2,20.0
837,04-18,토,맑음,10325,16.0,0.0
838,04-19,일,흐림,2892,12.5,0.0
839,04-20,월,비,719,13.5,20.0
840,04-21,화,구름 많음,1039,12.3,0.0
841,04-22,수,흐림,499,10.0,0.0
842,04-23,목,구름 많음,3011,7.4,0.0
843,04-24,금,맑음,1572,6.0,0.0
844,04-25,토,구름 많음,7857,7.9,0.0
845,04-26,일,구름 많음,12018,9.9,0.0
846,04-27,월,구름 많음,2268,13.1,0.0
847,04-28,화,맑음,2980,12.3,0.0
848,04-29,수,구름 많음,4256,12.9,0.0
849,04-30,목,맑음,16598,13.9,0.0
850,05-01,금,맑음,15733,14.9,0.0
851,05-02,토,흐림,13597,17.1,6.5
852,05-03,일,흐림,10559,13.707370184254607,6.5
853,05-04,월,구름 많음,10000,20.2,0.0
854,05-05,화,비,25907,20.3,0.0
855,05-06,수,맑음,3458,21.8,0.0
856,05-07,목,구름 많음,3846,20.2,0.0
857,05-08,금,구름 많음,2263,16.0,0.0
858,05-09,토,비,521,19.4,20.0
859,05-10,일,구름 많음,6871,20.7,0.0
860,05-11,월,구름 많음,1814,19.9,0.0
861,05-12,화,맑음,1787,14.2,0.0
862,05-13,수,맑음,2644,14.4,0.0
863,05-14,목,구름 많음,2399,16.5,0.0
864,05-15,금,비,222,14.3,0.0
865,05-16,토,흐림,4834,16.1,6.5
866,05-17,일,구름 많음,8875,19.3,0.0
867,05-18,월,비,933,16.1,0.0
868,05-19,화,비,608,16.7,0.0
869,05-20,수,구름 많음,2859,19.1,0.0
870,05-21,목,맑음,3040,19.1,0.0
871,05-22,금,구름 많음,2567,13.0,0.0
872,05-23,토,구름 많음,12038,14.4,0.0
873,05-24,일,구름 많음,5990,17.4,0.0
874,05-25,월,구름 많음,2649,18.5,0.0
875,05-26,화,구름 많음,2091,20.1,0.0
876,05-27,수,맑음,7943,17.1,0.0
877,05-28,목,구름 많음,2829,16.6,0.0
878,05-29,금,맑음,2511,16.2,0.0
879,05-30,토,구름 많음,8157,17.4,0.0
880,05-31,일,구름 많음,7746,18.7,0.0
881,06-01,월,맑음,2419,20.7,0.0
882,06-02,화,비,758,22.6,20.0
883,06-03,수,맑음,1887,21.2,0.0
884,06-04,목,맑음,1942,19.7,0.0
885,06-05,금,맑음,2268,17.9,0.0
886,06-06,토,맑음,9246,22.0,0.0
887,06-07,일,맑음,8306,21.9,0.0
888,06-08,월,맑음,1799,23.0,0.0
889,06-09,화,맑음,1584,24.6,0.0
890,06-10,수,구름 많음,1546,22.7,0.0
891,06-11,목,맑음,1565,25.0,0.0
892,06-12,금,흐림,1819,26.7,6.5
893,06-13,토,구름 많음,4621,25.8,0.0
894,06-14,일,맑음,6533,26.1,0.0
895,06-15,월,맑음,1793,24.7,0.0
896,06-16,화,맑음,1702,26.9,0.0
897,06-17,수,구름 많음,1693,24.0,0.0
898,06-18,목,구름 많음,3264,23.0,0.0
899,06-19,금,구름 많음,1826,24.4,0.0
900,06-20,토,맑음,6019,24.3,0.0
901,06-21,일,맑음,5512,23.4,0.0
902,06-22,월,맑음,975,24.7,0.0
903,06-23,화,구름 많음,1341,24.9,0.0
904,06-24,수,비,259,26.1,20.0
905,06-25,목,맑음,767,28.6,0.0
906,06-26,금,흐림,9415,27.3,0.0
907,06-27,토,맑음,6844,22.3,0.0
908,06-28,일,맑음,6639,21.6,0.0
909,06-29,월,흐림,1703,21.8,0.0
910,06-30,화,비,658,24.1,0.0
911,07-01,수,구름 많음,1726,25.2,0.0
912,07-02,목,흐림,1617,23.8,0.0
913,07-03,금,구름 많음,1699,20.1,0.0
914,07-04,토,맑음,7165,13.707370184254607,0.0
915,07-05,일,구름 많음,7115,21.1,0.0
916,07-06,월,구름 많음,1361,24.2,0.0
917,07-07,화,구름 많음,1566,25.5,0.0
918,07-08,수,맑음,1283,24.2,0.0
919,07-09,목,맑음,1276,23.8,0.0
920,07-10,금,비,1563,25.6,20.0
921,07-11,토,흐림,6522,24.1,0.0
922,07-12,일,구름 많음,6632,25.5,0.0
923,07-13,월,비,166,27.5,20.0
924,07-14,화,흐림,1600,24.5,0.0
925,07-15,수,맑음,1945,25.8,0.0
926,07-16,목,구름 많음,1505,23.5,0.0
927,07-17,금,소나기,1382,18.7,0.0
928,07-18,토,구름 많음,6974,20.3,0.0
929,07-19,일,비,1990,23.4,20.0
930,07-20,월,흐림,777,25.0,6.5
931,07-21,화,구름 많음,1683,26.0,0.0
932,07-22,수,비,625,26.1,20.0
933,07-23,목,비,341,24.0,0.0
934,07-24,금,흐림,773,23.8,0.0
935,07-25,토,흐림,8869,25.0,0.0
936,07-26,일,구름 많음,8223,23.7,0.0
937,07-27,월,비,887,21.1,0.0
938,07-28,화,흐림,1343,22.5,0.0
939,07-29,수,비,4484,24.3,0.0
940,07-30,목,흐림,1977,25.4,0.0
941,07-31,금,소나기,2922,24.3,0.0
942,08-01,토,비,1751,24.4,0.0
943,08-02,일,비,744,23.7,50.1
944,08-03,월,비,324,25.3,0.0
945,08-04,화,비,1248,26.2,0.0
946,08-05,수,비,707,25.3,0.0
947,08-06,목,비,858,24.9,0.0
948,08-07,금,흐림,2138,25.0,0.0
949,08-08,토,비,2916,27.0,0.0
950,08-09,일,비,250,26.5,0.0
951,08-10,월,비,775,24.1,0.0
952,08-11,화,비,688,24.3,0.0
953,08-12,수,흐림,2017,24.2,0.0
954,08-13,목,흐림,1547,24.9,0.0
955,08-14,금,비,953,26.5,0.0
956,08-15,토,비,1162,24.6,0.0
957,08-16,일,흐림,6705,27.2,6.5
958,08-17,월,구름 많음,3880,28.0,0.0
959,08-18,화,맑음,801,27.1,0.0
960,08-19,수,맑음,1599,26.1,0.0
961,08-20,목,맑음,556,27.4,0.0
962,08-21,금,비,507,28.2,20.0
963,08-22,토,소나기,976,27.5,0.0
964,08-23,일,맑음,1923,27.1,0.0
965,08-24,월,구름 많음,571,27.7,0.0
966,08-25,화,구름 많음,504,26.6,0.0
967,08-26,수,구름 많음,445,24.3,0.0
968,08-27,목,흐림,323,25.3,6.5
969,08-28,금,소나기,439,27.8,0.0
970,08-29,토,소나기,756,29.9,0.0
971,08-30,일,흐림,1491,30.2,0.0
972,08-31,월,흐림,757,27.1,0.0
973,09-01,화,흐림,910,27.3,0.0
974,09-02,수,비,265,26.8,0.0
975,09-03,목,비,4967,26.8,42.5
976,09-04,금,구름 조금,1984,26.4,0.0
977,09-05,토,구름 조금,4480,26.6,0.0
978,09-06,일,비,3416,24.3,33.3
979,09-07,월,비,76,22.7,29.8
980,09-08,화,맑음,2201,23.3,0.0
981,09-09,수,맑음,1003,23.3,0.0
982,09-10,목,구름 많음,2243,21.7,6.4
983,09-11,금,비,1557,19.2,61.0
984,09-12,토,구름 조금,2947,23.4,0.0
985,09-13,일,구름 조금,12859,21.1,1.3
986,09-14,월,구름 많음,2085,22.8,3.9
987,09-15,화,구름 조금,2066,22.4,1.2
988,09-16,수,구름 많음,820,20.2,5.7
989,09-17,목,맑음,1990,21.5,0.0
990,09-18,금,구름 조금,3086,21.3,0.0
991,09-19,토,맑음,12178,23.0,0.0
992,09-20,일,구름 조금,13140,22.5,0.3
993,09-21,월,맑음,2247,21.3,0.0
994,09-22,화,맑음,2214,21.5,0.0
995,09-23,수,구름 조금,2052,21.2,0.3
996,09-24,목,맑음,2298,19.7,0.0
997,09-25,금,맑음,2335,19.1,0.0
998,09-26,토,맑음,13447,20.2,0.0
999,09-27,일,맑음,16860,19.2,0.0
1000,09-28,월,맑음,2594,20.6,0.0
1001,09-29,화,맑음,2608,20.1,0.0
1002,09-30,수,맑음,8986,19.3,0.0
1003,10-01,목,맑음,12365,20.4,0.0
1004,10-02,금,맑음,14323,20.7,0.0
1005,10-03,토,맑음,17995,19.6,0.0
1006,10-04,일,비,12932,19.6,38.3
1007,10-05,월,맑음,2634,13.707370184254607,0.0
1008,10-06,화,맑음,2407,18.8,0.0
1009,10-07,수,구름 조금,2600,19.2,0.0
1010,10-08,목,구름 조금,3057,19.9,0.0
1011,10-09,금,구름 조금,20177,16.6,0.0
1012,10-10,토,맑음,16405,13.3,0.0
1013,10-11,일,맑음,16264,14.2,0.0
1014,10-12,월,맑음,2757,16.0,0.0
1015,10-13,화,맑음,2857,17.2,0.0
1016,10-14,수,맑음,2933,17.2,0.0
1017,10-15,목,맑음,4093,16.9,0.0
1018,10-16,금,맑음,2772,16.9,0.0
1019,10-17,토,맑음,16441,16.2,0.0
1020,10-18,일,맑음,19461,13.6,0.0
1021,10-19,월,맑음,3141,12.8,0.0
1022,10-20,화,맑음,3559,11.7,0.0
1023,10-21,수,맑음,3093,11.8,0.0
1024,10-22,목,맑음,2704,13.1,0.0
1025,10-23,금,맑음,4009,13.6,0.0
1026,10-24,토,맑음,16500,15.1,0.0
1027,10-25,일,맑음,19042,15.2,0.0
1028,10-26,월,맑음,4035,14.1,0.0
1029,10-27,화,구름 조금,3842,13.5,0.0
1030,10-28,수,맑음,11655,8.6,0.0
1031,10-29,목,맑음,4267,8.7,0.0
1032,10-30,금,맑음,4856,11.8,0.0
1033,10-31,토,맑음,20185,12.9,0.0
1034,11-01,일,맑음,2763,14.0,0.0
1035,11-02,월,맑음,3832,13.8,0.0
1036,11-03,화,맑음,2520,10.8,0.0
1037,11-04,수,맑음,2146,11.9,0.0
1038,11-05,목,맑음,3091,13.6,0.0
1039,11-06,금,흐림,2812,13.7,13.6
1040,11-07,토,구름 조금,12821,10.8,1.7
1041,11-08,일,구름 조금,14694,5.1,0.5
1042,11-09,월,맑음,1919,4.9,0.0
1043,11-10,화,맑음,2248,9.6,0.0
1044,11-11,수,맑음,2747,13.5,0.0
1045,11-12,목,구름 조금,2673,14.6,0.1
1046,11-13,금,맑음,3375,8.5,0.0
1047,11-14,토,맑음,9802,5.5,0.0
1048,11-15,일,맑음,9447,7.7,0.0
1049,11-16,월,맑음,1811,9.3,0.0
1050,11-17,화,맑음,1685,10.4,0.0
1051,11-18,수,맑음,809,12.2,0.0
1052,11-19,목,맑음,256,12.5,0.0
1053,11-20,금,맑음,976,11.1,0.0
1054,11-21,토,맑음,4101,12.4,0.0
1055,11-22,일,구름 조금,2557,15.9,0.1
1056,11-23,월,흐림,762,16.6,12.2
1057,11-24,화,비,819,13.6,86.9
1058,11-25,수,구름 조금,911,2.8,0.0
1059,11-26,목,구름 조금,10031,6.5,0.2
1060,11-27,금,구름 많음,784,5.6,4.8
1061,11-28,토,맑음,1651,1.7,0.0
1062,11-29,일,맑음,9912,2.9,0.0
1063,11-30,월,맑음,576,4.6,0.0
1064,12-01,화,맑음,727,5.6,0.0
1065,12-02,수,구름 조금,628,4.1,0.0
1066,12-03,목,맑음,614,-0.1,0.0
1067,12-04,금,맑음,678,-0.6,0.0
1068,12-05,토,맑음,1701,-0.2,0.0
1069,12-06,일,맑음,2385,13.707370184254607,0.0
1070,12-07,월,맑음,928,1.1,0.0
1071,12-08,화,맑음,591,2.4,0.0
1072,12-09,수,맑음,615,0.7,0.0
1073,12-10,목,맑음,683,-0.6,0.0
1074,12-11,금,맑음,7810,2.1,0.0
1075,12-12,토,맑음,1641,4.5,0.0
1076,12-13,일,맑음,644,3.4,0.0
1077,12-14,월,맑음,217,-0.5,0.0
1078,12-15,화,맑음,101,1.5,0.0
1079,12-16,수,구름 조금,114,5.8,0.0
1080,12-17,목,맑음,133,5.3,0.0
1081,12-18,금,맑음,230,2.3,0.0
1082,12-19,토,구름 많음,380,-1.1,2.9
1083,12-20,일,맑음,696,-7.7,0.0
1084,12-21,월,맑음,231,-8.3,0.0
1085,12-22,화,맑음,282,-8.3,0.0
1086,12-23,수,구름 조금,288,-4.9,0.0
1087,12-24,목,구름 조금,347,-2.1,0.2
1088,12-25,금,맑음,1058,-5.1,0.0
1089,12-26,토,맑음,1356,-3.7,0.0
1090,12-27,일,맑음,1876,-1.0,0.0
1091,12-28,월,맑음,802,2.0,0.0
1092,12-29,화,구름 조금,244,4.5,0.0
1093,12-30,수,맑음,72,2.6,0.0
1094,12-31,목,맑음,139,-0.8,0.0
1095,01-01,금,맑음,633,-4.2,0.0
1096,01-02,토,맑음,928,-5.0,0.0
1097,01-03,일,맑음,625,-5.6,0.0
1098,01-04,월,구름 조금,199,-3.5,0.0
1099,01-05,화,구름 조금,162,-5.5,0.0
1100,01-06,수,구름 조금,265,-7.4,2.3
1101,01-07,목,맑음,74,-14.5,0.0
1102,01-08,금,맑음,63,-14.9,0.0
1103,01-09,토,맑음,165,-12.2,0.0
1104,01-10,일,맑음,527,-7.7,0.0
1105,01-11,월,맑음,103,-6.7,0.0
1106,01-12,화,구름 많음,176,-3.9,2.6
1107,01-13,수,구름 조금,851,2.0,0.0
1108,01-14,목,맑음,446,1.7,0.0
1109,01-15,금,구름 조금,283,4.5,0.2
1110,01-16,토,맑음,1147,-4.9,0.0
1111,01-17,일,구름 조금,771,-5.5,0.0
1112,01-18,월,구름 조금,87,-3.8,0.3
1113,01-19,화,맑음,158,-6.3,0.0
1114,01-20,수,맑음,398,-0.1,0.0
1115,01-21,목,흐림,200,4.5,9.2
1116,01-22,금,구름 조금,343,5.5,0.1
1117,01-23,토,맑음,4556,7.6,0.0
1118,01-24,일,맑음,8227,7.3,0.0
1119,01-25,월,맑음,1132,7.9,0.0
1120,01-26,화,구름 조금,218,5.3,1.7
1121,01-27,수,맑음,745,1.7,0.0
1122,01-28,목,구름 조금,119,-2.6,2.0
1123,01-29,금,맑음,107,-8.8,0.0
1124,01-30,토,구름 조금,1503,-1.6,0.5
1125,01-31,일,맑음,4007,3.2,0.0
1126,02-01,월,구름 조금,515,5.0,0.7
1127,02-02,화,구름 조금,192,-5.6,0.0
1128,02-03,수,구름 많음,208,-3.2,3.4
1129,02-04,목,구름 조금,244,-3.6,0.1
1130,02-05,금,맑음,361,1.4,0.0
1131,02-06,토,맑음,3512,6.8,0.0
1132,02-07,일,맑음,2477,3.6,0.0
1133,02-08,월,맑음,246,-3.1,0.0
1134,02-09,화,맑음,371,-0.9,0.0
1135,02-10,수,맑음,682,3.4,0.0
1136,02-11,목,맑음,3950,5.5,0.0
1137,02-12,금,맑음,5530,6.5,0.0
1138,02-13,토,맑음,7588,7.6,0.0
1139,02-14,일,구름 조금,4395,9.5,0.0
1140,02-15,월,구름 조금,456,1.2,1.4
1141,02-16,화,구름 조금,101,-5.1,1.5
1142,02-17,수,구름 조금,116,-8.3,0.0
1143,02-18,목,맑음,165,-5.8,0.0
1144,02-19,금,맑음,1643,1.6,0.0
1145,02-20,토,맑음,6203,8.8,0.0
1146,02-21,일,맑음,11897,10.8,0.0
1147,02-22,월,맑음,1585,7.8,0.0
1148,02-23,화,맑음,734,0.0,0.0
1149,02-24,수,맑음,1212,2.9,0.0
1150,02-25,목,맑음,1167,4.2,0.0
1151,02-26,금,맑음,2913,8.2,0.0
1152,02-27,토,맑음,11624,9.5,0.0
1153,02-28,일,맑음,15378,7.8,0.0
1154,03-01,월,맑음,113,13.707370184254607,0.0
1155,03-02,화,맑음,641,13.707370184254607,0.0
1156,03-03,수,맑음,836,13.707370184254607,0.0
1157,03-04,목,비,616,4.7,67.5
1158,03-05,금,구름 조금,1373,2.3,0.1
1159,03-06,토,맑음,10282,4.4,0.0
1160,03-07,일,맑음,11425,7.2,0.0
1161,03-08,월,맑음,1149,9.0,0.0
1162,03-09,화,맑음,1034,6.6,0.0
1163,03-10,수,맑음,1260,6.2,0.0
1164,03-11,목,맑음,2395,7.0,0.0
1165,03-12,금,맑음,347,6.6,0.0
1166,03-13,토,맑음,10069,8.8,0.0
1167,03-14,일,맑음,8828,10.2,0.0
1168,03-15,월,구름 조금,916,10.5,0.0
1169,03-16,화,맑음,706,9.2,0.0
1170,03-17,수,맑음,1078,9.1,0.0
1171,03-18,목,구름 조금,1242,10.6,1.7
1172,03-19,금,구름 조금,1687,8.4,1.3
1173,03-20,토,맑음,801,8.8,0.0
1174,03-21,일,맑음,10370,11.7,0.0
1175,03-22,월,맑음,1088,15.3,0.0
1176,03-23,화,구름 많음,1086,9.9,5.1
1177,03-24,수,구름 조금,1101,5.8,0.3
1178,03-25,목,맑음,1628,6.2,0.0
1179,03-26,금,맑음,1453,9.1,0.0
1180,03-27,토,맑음,1291,10.8,0.0
1181,03-28,일,맑음,2007,11.9,0.0
1182,03-29,월,맑음,802,12.6,0.0
1183,03-30,화,비,1616,12.1,25.5
1184,03-31,수,흐림,3512,9.0,9.2
1185,04-01,목,구름 조금,4433,10.2,0.2
1186,04-02,금,맑음,5286,10.8,0.0
1187,04-03,토,맑음,491,14.5,0.0
1188,04-04,일,맑음,15169,17.7,0.0
1189,04-05,월,구름 조금,4368,17.8,0.0
1190,04-06,화,비,3724,14.9,56.2
1191,04-07,수,구름 조금,4132,11.9,0.6
1192,04-08,목,맑음,3214,11.9,0.0
1193,04-09,금,맑음,5688,13.9,0.0
1194,04-10,토,맑음,21369,14.1,0.0
1195,04-11,일,맑음,20591,13.0,0.0
1196,04-12,월,맑음,319,13.6,0.0
1197,04-13,화,맑음,1458,12.6,0.0
1198,04-14,수,맑음,2003,15.0,0.0
1199,04-15,목,비,2301,13.8,22.0
1200,04-16,금,흐림,585,10.4,8.0
1201,04-17,토,맑음,5544,8.4,0.0
1202,04-18,일,맑음,23276,11.6,0.0
1203,04-19,월,구름 조금,2765,11.3,0.7
1204,04-20,화,구름 조금,2360,9.6,0.0
1205,04-21,수,맑음,2341,9.9,0.0
1206,04-22,목,맑음,1817,12.2,0.0
1207,04-23,금,맑음,2214,14.8,0.0
1208,04-24,토,맑음,15031,19.1,0.0
1209,04-25,일,맑음,17717,20.9,0.0
1210,04-26,월,구름 조금,2483,19.0,0.0
1211,04-27,화,구름 조금,1771,18.3,0.0
1212,04-28,수,맑음,1459,18.2,0.0
1213,04-29,목,맑음,1594,16.2,0.0
1214,04-30,금,구름 조금,1259,15.4,1.7
1215,05-01,토,구름 많음,5173,14.5,4.7
1216,05-02,일,구름 많음,17650,14.6,3.9
1217,05-03,월,비,5302,11.3,26.3
1218,05-04,화,맑음,536,13.707370184254607,0.0
1219,05-05,수,흐림,46206,10.2,8.0
1220,05-06,목,구름 조금,5036,12.4,1.7
1221,05-07,금,맑음,1287,14.1,0.0
1222,05-08,토,흐림,3533,13.8,19.6
1223,05-09,일,구름 조금,12740,13.9,0.1
1224,05-10,월,맑음,322,15.7,0.0
1225,05-11,화,흐림,4631,14.4,8.8
1226,05-12,수,맑음,2227,14.3,0.0
1227,05-13,목,맑음,2823,15.7,0.0
1228,05-14,금,구름 조금,3140,13.2,0.0
1229,05-15,토,맑음,2672,18.5,0.0
1230,05-16,일,맑음,426,22.0,0.0
1231,05-17,월,맑음,542,22.9,0.0
1232,05-18,화,맑음,3884,24.1,0.0
1233,05-19,수,흐림,24671,22.1,15.0
1234,05-20,목,비,1304,18.4,66.9
1235,05-21,금,구름 많음,1711,15.3,3.1
1236,05-22,토,맑음,19649,17.9,0.0
1237,05-23,일,맑음,17161,19.9,0.0
1238,05-24,월,구름 조금,3989,18.7,0.9
1239,05-25,화,흐림,2173,16.0,6.9
1240,05-26,수,구름 조금,4690,18.6,0.2
1241,05-27,목,맑음,1004,19.5,0.0
1242,05-28,금,맑음,1298,19.4,0.0
1243,05-29,토,흐림,12491,15.3,8.3
1244,05-30,일,구름 조금,30143,18.0,0.0
1245,05-31,월,흐림,3012,15.8,8.9
1246,06-01,화,흐림,3165,15.3,12.3
1247,06-02,수,구름 조금,3384,15.4,0.3
1248,06-03,목,흐림,701,18.4,18.1
1249,06-04,금,구름 많음,4275,19.9,4.0
1250,06-05,토,구름 많음,14463,20.2,3.2
1251,06-06,일,맑음,13620,23.2,0.0
1252,06-07,월,흐림,2734,19.1,18.1
1253,06-08,화,맑음,3985,18.5,0.0
1254,06-09,수,맑음,1902,20.8,0.0
1255,06-10,목,맑음,1877,23.0,0.0
1256,06-11,금,구름 조금,1625,21.1,0.0
1257,06-12,토,구름 조금,8613,23.6,0.1
1258,06-13,일,맑음,7449,25.8,0.0
1259,06-14,월,구름 많음,1715,24.9,6.1
1260,06-15,화,구름 많음,842,21.5,4.6
1261,06-16,수,맑음,2153,24.2,0.0
1262,06-17,목,맑음,1760,24.8,0.0
1263,06-18,금,맑음,612,24.8,0.0
1264,06-19,토,구름 조금,9749,22.5,1.9
1265,06-20,일,맑음,8337,24.3,0.0
1266,06-21,월,구름 조금,1609,21.9,0.0
1267,06-22,화,구름 많음,1406,20.0,6.3
1268,06-23,수,맑음,948,22.3,0.0
1269,06-24,목,맑음,1303,22.9,0.0
1270,06-25,금,맑음,1821,23.6,0.0
1271,06-26,토,구름 조금,6151,22.8,0.0
1272,06-27,일,흐림,23485,22.4,7.5
1273,06-28,월,맑음,710,23.0,0.0
1274,06-29,화,맑음,1089,24.1,0.0
1275,06-30,수,구름 많음,663,22.8,4.5
1276,07-01,목,비,894,24.5,38.2
1277,07-02,금,구름 조금,1050,23.7,0.1
1278,07-03,토,흐림,2370,23.9,8.0
1279,07-04,일,구름 많음,1094,24.3,6.0
1280,07-05,월,맑음,1459,13.707370184254607,0.0
1281,07-06,화,맑음,1235,26.3,0.0
1282,07-07,수,맑음,719,27.1,0.0
1283,07-08,목,비,597,22.6,60.0
1284,07-09,금,비,758,21.4,21.4
1285,07-10,토,맑음,2216,23.3,0.0
1286,07-11,일,맑음,1731,25.3,0.0
1287,07-12,월,흐림,596,26.4,12.7
1288,07-13,화,구름 많음,516,26.0,2.9
1289,07-14,수,구름 조금,473,25.5,0.0
1290,07-15,목,구름 조금,391,25.9,0.5
1291,07-16,금,구름 조금,344,25.7,0.4
1292,07-17,토,맑음,1315,28.1,0.0
1293,07-18,일,맑음,1424,28.8,0.0
1294,07-19,월,맑음,345,29.7,0.0
1295,07-20,화,구름 조금,1987,29.1,0.0
1296,07-21,수,맑음,277,28.8,0.0
1297,07-22,목,구름 조금,264,29.1,0.0
1298,07-23,금,맑음,238,29.6,0.0
1299,07-24,토,비,578,26.4,67.4
1300,07-25,일,구름 조금,9812,27.9,0.0
1301,07-26,월,맑음,399,30.5,0.0
1302,07-27,화,맑음,246,31.2,0.0
1303,07-28,수,맑음,281,31.2,0.0
1304,07-29,목,맑음,475,31.7,0.0
1305,07-30,금,맑음,446,31.5,0.0
1306,07-31,토,맑음,1157,31.2,0.0
1307,08-01,일,맑음,1176,31.1,0.0
1308,08-02,월,구름 조금,1191,30.4,0.0
1309,08-03,화,맑음,1326,29.6,0.0
1310,08-04,수,맑음,986,30.5,0.0
1311,08-05,목,구름 많음,1495,29.8,3.0
1312,08-06,금,비,757,27.1,21.0
1313,08-07,토,구름 조금,2232,26.5,1.7
1314,08-08,일,구름 조금,2267,28.0,0.0
1315,08-09,월,맑음,816,28.9,0.0
1316,08-10,화,맑음,608,29.4,0.0
1317,08-11,수,맑음,682,28.1,0.0
1318,08-12,목,맑음,779,28.0,0.0
1319,08-13,금,흐림,1184,26.8,12.7
1320,08-14,토,맑음,5347,28.3,0.0
1321,08-15,일,맑음,7148,27.7,0.0
1322,08-16,월,구름 조금,5792,27.4,0.0
1323,08-17,화,구름 조금,1312,26.8,0.0
1324,08-18,수,맑음,889,26.6,0.0
1325,08-19,목,맑음,1721,26.1,0.0
1326,08-20,금,맑음,1339,26.9,0.0
1327,08-21,토,구름 조금,1164,27.3,0.0
1328,08-22,일,흐림,8136,25.9,9.3
1329,08-23,월,구름 많음,409,24.3,5.6
1330,08-24,화,맑음,239,26.0,0.0
1331,08-25,수,구름 조금,1696,26.6,0.0
1332,08-26,목,비,1299,23.8,62.8
1333,08-27,금,구름 조금,381,24.4,0.0
1334,08-28,토,흐림,11137,22.4,7.4
1335,08-29,일,흐림,9178,23.4,10.5
1336,08-30,월,구름 조금,1723,25.0,0.3
1337,08-31,화,구름 조금,242,25.5,0.7
1338,09-01,수,구름 조금,631,22.4,0.9
1339,09-02,목,맑음,1566,23.6,0.0
1340,09-03,금,구름 조금,2412,23.7,0.9
1341,09-04,토,구름 조금,15612,24.2,0.0
1342,09-05,일,비,15370,20.5,77.4
1343,09-06,월,구름 조금,1595,21.4,0.8
1344,09-07,화,맑음,137,23.5,0.0
1345,09-08,수,맑음,1673,24.3,0.0
1346,09-09,목,맑음,1889,23.2,0.0
1347,09-10,금,맑음,3842,23.1,0.0
1348,09-11,토,흐림,11735,22.3,12.0
1349,09-12,일,비,12755,19.6,29.6
1350,09-13,월,구름 조금,1442,22.2,1.6
1351,09-14,화,맑음,1405,23.5,0.0
1352,09-15,수,맑음,1313,23.6,0.0
1353,09-16,목,맑음,1336,24.0,0.0
1354,09-17,금,맑음,1335,24.2,0.0
1355,09-18,토,맑음,9152,24.8,0.0
1356,09-19,일,맑음,12678,24.6,0.0
1357,09-20,월,맑음,19167,23.6,0.0
1358,09-21,화,맑음,7751,22.9,0.0
1359,09-22,수,맑음,10551,23.5,0.0
1360,09-23,목,맑음,4100,23.9,0.0
1361,09-24,금,맑음,3257,23.7,0.0
1362,09-25,토,맑음,10698,23.7,0.0
1363,09-26,일,비,11145,22.0,68.1
1364,09-27,월,구름 많음,1478,20.2,4.5
1365,09-28,화,맑음,1124,20.9,0.0
1366,09-29,수,맑음,169,21.8,0.0
1367,09-30,목,맑음,1840,21.2,0.0
1368,10-01,금,맑음,2313,22.6,0.0
1369,10-02,토,구름 조금,12400,21.6,0.0
1370,10-03,일,구름 조금,16853,21.5,1.3
1371,10-04,월,흐림,5215,20.2,13.1
1372,10-05,화,맑음,1259,20.3,0.0
1373,10-06,수,맑음,353,13.707370184254607,0.0
1374,10-07,목,흐림,914,21.1,13.3
1375,10-08,금,맑음,715,20.7,0.0
1376,10-09,토,맑음,13776,22.3,0.0
1377,10-10,일,구름 많음,6376,22.9,3.6
1378,10-11,월,구름 조금,14410,23.6,0.0
1379,10-12,화,구름 많음,1763,18.8,6.4
1380,10-13,수,구름 많음,2368,19.4,4.6
1381,10-14,목,구름 많음,2310,18.8,3.5
1382,10-15,금,구름 조금,1857,20.9,0.4
1383,10-16,토,흐림,7823,19.9,14.2
1384,10-17,일,구름 조금,5034,15.2,0.3
1385,10-18,월,맑음,3236,17.9,0.0
1386,10-19,화,맑음,1091,19.6,0.0
1387,10-20,수,맑음,1863,19.7,0.0
1388,10-21,목,구름 조금,1938,19.0,0.0
1389,10-22,금,구름 조금,2386,10.7,0.0
1390,10-23,토,맑음,11525,5.6,0.0
1391,10-24,일,구름 많음,14344,9.6,5.6
1392,10-25,월,구름 많음,2267,10.9,4.4
1393,10-26,화,맑음,2433,9.5,0.0
1394,10-27,수,맑음,20162,9.8,0.0
1395,10-28,목,맑음,3071,10.8,0.0
1396,10-29,금,맑음,3468,11.4,0.0
1397,10-30,토,맑음,13047,11.4,0.0
1398,10-31,일,맑음,15648,11.7,0.0
1399,11-01,월,맑음,3168,13.0,0.0
1400,11-02,화,구름 조금,3353,13.4,0.0
1401,11-03,수,맑음,3310,12.7,0.0
1402,11-04,목,맑음,2533,14.6,0.0
1403,11-05,금,맑음,3846,13.8,0.0
1404,11-06,토,구름 조금,15092,14.1,0.7
1405,11-07,일,맑음,16700,12.9,0.0
1406,11-08,월,맑음,171,11.5,0.0
1407,11-09,화,맑음,385,12.1,0.0
1408,11-10,수,구름 조금,930,12.1,0.0
1409,11-11,목,맑음,1515,13.0,0.0
1410,11-12,금,맑음,1593,14.1,0.0
1411,11-13,토,맑음,6639,15.3,0.0
1412,11-14,일,비,8436,8.6,25.7
1413,11-15,월,구름 조금,1680,4.9,2.0
1414,11-16,화,구름 조금,3665,4.2,0.3
1415,11-17,수,구름 조금,1631,5.3,0.0
1416,11-18,목,맑음,1073,4.5,0.0
1417,11-19,금,맑음,1748,7.3,0.0
1418,11-20,토,맑음,4321,11.3,0.0
1419,11-21,일,맑음,3040,10.1,0.0
1420,11-22,월,맑음,683,8.5,0.0
1421,11-23,화,맑음,436,7.5,0.0
1422,11-24,수,구름 조금,523,11.9,0.0
1423,11-25,목,맑음,665,12.9,0.0
1424,11-26,금,맑음,16233,10.4,0.0
1425,11-27,토,구름 많음,15992,10.4,5.9
1426,11-28,일,구름 조금,4650,2.7,1.3
1427,11-29,월,맑음,1137,-0.6,0.0
1428,11-30,화,구름 조금,141,4.1,0.0
1429,12-01,수,맑음,321,5.7,0.0
1430,12-02,목,구름 조금,386,2.9,0.0
1431,12-03,금,맑음,361,3.4,0.0
1432,12-04,토,맑음,1741,5.1,0.0
1433,12-05,일,맑음,2830,7.6,0.0
1434,12-06,월,비,696,5.7,27.2
1435,12-07,화,맑음,1776,13.707370184254607,0.0
1436,12-08,수,맑음,744,-1.3,0.0
1437,12-09,목,구름 조금,645,1.3,0.1
1438,12-10,금,구름 조금,404,1.9,0.4
1439,12-11,토,맑음,2688,1.4,0.0
1440,12-12,일,맑음,2415,2.9,0.0
1441,12-13,월,맑음,267,5.4,0.0
1442,12-14,화,맑음,568,6.8,0.0
1443,12-15,수,맑음,339,6.7,0.0
1444,12-16,목,맑음,355,6.5,0.0
1445,12-17,금,구름 조금,343,7.0,0.7
1446,12-18,토,맑음,312,6.0,0.0
1447,12-19,일,맑음,573,1.2,0.0
1448,12-20,월,맑음,471,-2.2,0.0
1449,12-21,화,구름 조금,460,3.7,1.2
1450,12-22,수,구름 조금,427,7.2,2.1
1451,12-23,목,구름 조금,430,6.4,0.0
1452,12-24,금,맑음,303,-5.6,0.0
1453,12-25,토,구름 많음,390,-5.7,2.8
1454,12-26,일,구름 조금,223,-0.8,0.2
1455,12-27,월,구름 조금,12955,5.2,0.0
1456,12-28,화,맑음,317,5.2,0.0
1457,12-29,수,맑음,394,2.2,0.0
1458,12-30,목,맑음,420,2.7,0.0
1459,12-31,금,구름 조금,202,-0.3,0.2
1460,01-01,토,맑음,1043,-4.3,0.0
1461,01-02,일,구름 조금,1084,-1.3,0.3
1462,01-03,월,구름 조금,324,-1.9,0.0
1463,01-04,화,구름 조금,417,-2.5,0.0
1464,01-05,수,맑음,349,-2.8,0.0
1465,01-06,목,맑음,933,-2.2,0.0
1466,01-07,금,맑음,463,-1.6,0.0
1467,01-08,토,구름 조금,1431,0.3,0.0
1468,01-09,일,맑음,1116,1.3,0.0
1469,01-10,월,구름 조금,367,0.5,0.9
1470,01-11,화,구름 조금,249,-7.4,0.2
1471,01-12,수,맑음,139,-7.7,0.0
1472,01-13,목,맑음,1276,-6.4,0.0
1473,01-14,금,맑음,224,-4.8,0.0
1474,01-15,토,구름 조금,1433,-1.0,0.0
1475,01-16,일,구름 조금,1262,-2.0,0.0
1476,01-17,월,구름 조금,283,-5.8,0.5
1477,01-18,화,맑음,358,-5.6,0.0
1478,01-19,수,구름 조금,240,-5.3,1.7
1479,01-20,목,맑음,327,-5.0,0.0
1480,01-21,금,맑음,386,-2.7,0.0
1481,01-22,토,맑음,1882,0.3,0.0
1482,01-23,일,맑음,2805,2.0,0.0
1483,01-24,월,맑음,746,4.6,0.0
1484,01-25,화,구름 조금,267,2.8,0.7
1485,01-26,수,맑음,558,1.3,0.0
1486,01-27,목,맑음,476,-1.1,0.0
1487,01-28,금,맑음,426,-2.7,0.0
1488,01-29,토,맑음,1237,-3.6,0.0
1489,01-30,일,맑음,1951,-2.8,0.0
1490,01-31,월,구름 조금,2755,-0.7,1.2
1491,02-01,화,구름 조금,1096,-1.3,1.7
1492,02-02,수,맑음,1651,-3.4,0.0
1493,02-03,목,맑음,652,-3.4,0.0
1494,02-04,금,구름 조금,374,-5.2,0.0
1495,02-05,토,맑음,509,-6.6,0.0
1496,02-06,일,맑음,860,-3.9,0.0
1497,02-07,월,맑음,275,-2.5,0.0
1498,02-08,화,맑음,591,-0.1,0.0
1499,02-09,수,맑음,564,1.0,0.0
1500,02-10,목,맑음,704,1.4,0.0
1501,02-11,금,맑음,755,2.9,0.0
1502,02-12,토,맑음,2875,4.8,0.0
1503,02-13,일,맑음,4327,4.8,0.0
1504,02-14,월,구름 조금,721,2.5,1.7
1505,02-15,화,구름 조금,2350,-4.7,0.0
1506,02-16,수,구름 조금,282,-7.3,0.0
1507,02-17,목,맑음,215,-6.2,0.0
1508,02-18,금,맑음,599,-1.2,0.0
1509,02-19,토,구름 조금,2013,-1.7,0.1
1510,02-20,일,맑음,1677,-4.8,0.0
1511,02-21,월,구름 조금,364,-3.0,0.1
1512,02-22,화,맑음,380,-4.5,0.0
1513,02-23,수,맑음,337,-5.6,0.0
1514,02-24,목,맑음,656,-2.4,0.0
1515,02-25,금,맑음,1254,3.0,0.0
1516,02-26,토,구름 조금,1947,5.4,1.1
1517,02-27,일,맑음,6364,3.7,0.0
1518,02-28,월,맑음,3653,6.8,0.0
1519,03-01,화,맑음,4485,13.707370184254607,0.0
1520,03-02,수,맑음,902,13.707370184254607,0.0
1521,03-03,목,맑음,927,13.707370184254607,0.0
1522,03-04,금,구름 조금,614,5.8,2.3
1523,03-05,토,맑음,2774,3.5,0.0
1524,03-06,일,맑음,4926,5.8,0.0
1525,03-07,월,맑음,755,6.9,0.0
1526,03-08,화,맑음,1096,2.3,0.0
1527,03-09,수,맑음,12164,1.4,0.0
1528,03-10,목,맑음,1044,2.8,0.0
1529,03-11,금,맑음,1440,6.0,0.0
1530,03-12,토,맑음,10364,7.1,0.0
1531,03-13,일,맑음,1397,9.3,0.0
1532,03-14,월,맑음,135,11.2,0.0
1533,03-15,화,구름 많음,1287,12.8,2.6
1534,03-16,수,비,1520,11.7,42.1
1535,03-17,목,흐림,2283,8.2,8.7
1536,03-18,금,맑음,556,7.2,0.0
1537,03-19,토,맑음,504,10.3,0.0
1538,03-20,일,구름 조금,7728,10.7,1.2
1539,03-21,월,구름 조금,1259,7.5,0.0
1540,03-22,화,흐림,1348,3.4,14.6
1541,03-23,수,구름 조금,777,5.4,0.0
1542,03-24,목,맑음,1079,5.0,0.0
1543,03-25,금,맑음,1185,7.1,0.0
1544,03-26,토,맑음,3615,6.2,0.0
1545,03-27,일,맑음,15630,8.2,0.0
1546,03-28,월,흐림,3633,12.0,10.9
1547,03-29,화,흐림,2389,11.8,19.8
1548,03-30,수,맑음,670,8.1,0.0
1549,03-31,목,맑음,1516,8.2,0.0
1550,04-01,금,맑음,3094,9.7,0.0
1551,04-02,토,구름 조금,19080,10.8,0.4
1552,04-03,일,맑음,20368,10.9,0.0
1553,04-04,월,맑음,2616,9.2,0.0
1554,04-05,화,맑음,2293,8.2,0.0
1555,04-06,수,맑음,2635,9.6,0.0
1556,04-07,목,맑음,2425,10.3,0.0
1557,04-08,금,맑음,5368,10.3,0.0
1558,04-09,토,맑음,22965,11.7,0.0
1559,04-10,일,맑음,24296,10.9,0.0
1560,04-11,월,맑음,6053,12.9,0.0
1561,04-12,화,구름 조금,4761,17.8,0.5
1562,04-13,수,맑음,831,18.2,0.0
1563,04-14,목,맑음,2172,19.6,0.0
1564,04-15,금,구름 조금,5086,19.3,0.5
1565,04-16,토,구름 조금,22173,13.1,1.3
1566,04-17,일,맑음,22239,13.2,0.0
1567,04-18,월,맑음,3122,13.3,0.0
1568,04-19,화,맑음,5147,13.2,0.0
1569,04-20,수,맑음,3229,14.0,0.0
1570,04-21,목,맑음,3143,15.2,0.0
1571,04-22,금,맑음,2171,15.2,0.0
1572,04-23,토,맑음,18329,15.7,0.0
1573,04-24,일,맑음,17940,16.3,0.0
1574,04-25,월,맑음,2604,15.0,0.0
1575,04-26,화,맑음,2563,17.7,0.0
1576,04-27,수,구름 조금,3095,18.5,0.3
1577,04-28,목,구름 조금,4191,20.0,1.3
1578,04-29,금,구름 조금,3185,21.9,1.0
1579,04-30,토,맑음,20693,17.7,0.0
1580,05-01,토,구름 조금,16307,18.2,0.0
1581,05-02,일,흐림,3893,13.4,15.5
1582,05-03,월,맑음,3594,13.0,0.0
1583,05-04,화,맑음,6421,13.707370184254607,0.0
1584,05-05,수,맑음,46381,13.4,0.0
1585,05-06,목,맑음,13667,14.2,0.0
1586,05-07,금,맑음,10100,14.8,0.0
1587,05-08,토,맑음,6887,17.8,0.0
1588,05-09,일,맑음,3350,18.9,0.0
1589,05-10,월,맑음,3458,19.6,0.0
1590,05-11,화,구름 조금,3399,18.4,0.5
1591,05-12,수,구름 조금,3523,15.3,2.0
1592,05-13,목,맑음,6037,17.9,0.0
1593,05-14,금,구름 조금,12924,19.9,0.0
1594,05-15,토,구름 조금,13663,19.7,0.0
1595,05-16,일,맑음,3881,20.9,0.0
1596,05-17,월,맑음,4384,19.4,0.0
1597,05-18,화,맑음,3217,15.7,0.0
1598,05-19,수,맑음,5872,16.2,0.0
1599,05-20,목,맑음,11668,17.3,0.0
1600,05-21,금,맑음,15593,20.0,0.0
1601,05-22,토,구름 조금,15974,20.0,1.5
1602,05-23,일,맑음,4327,19.9,0.0
1603,05-24,월,맑음,5103,20.6,0.0
1604,05-25,화,맑음,5800,20.1,0.0
1605,05-26,수,맑음,6660,20.3,0.0
1606,05-27,목,맑음,7146,23.0,0.0
1607,05-28,금,맑음,36225,22.9,0.0
1608,05-29,토,구름 많음,15590,21.0,3.5
1609,05-30,일,구름 조금,3877,18.7,0.0
1610,05-31,월,구름 조금,6274,20.0,0.0
1611,06-01,수,맑음,17053,22.3,0.0
1612,06-02,목,맑음,4831,23.1,0.0
1613,06-03,금,구름 조금,4426,20.8,0.0
1614,06-04,토,맑음,12333,20.7,0.0
1615,06-05,일,맑음,16564,22.1,0.0
1616,06-06,월,맑음,9282,21.5,0.0
1617,06-07,화,맑음,3572,24.5,0.0
1618,06-08,수,맑음,3123,25.6,0.0
1619,06-09,목,구름 조금,2045,22.7,0.0
1620,06-10,금,구름 많음,3588,19.7,4.3
1621,06-11,토,구름 조금,8456,20.6,0.0
1622,06-12,일,맑음,8738,21.2,0.0
1623,06-13,월,구름 많음,4221,20.9,2.6
1624,06-14,화,구름 조금,2084,20.9,1.2
1625,06-15,수,맑음,829,24.6,0.0
1626,06-16,목,맑음,2084,24.6,0.0
1627,06-17,금,흐림,2456,23.6,18.0
1628,06-18,토,구름 조금,6082,21.5,0.0
1629,06-19,일,흐림,7232,17.5,18.5
1630,06-20,월,구름 조금,1732,20.3,0.7
1631,06-21,화,맑음,1506,22.5,0.0
1632,06-22,수,구름 조금,1690,23.3,0.0
1633,06-23,목,맑음,430,23.4,0.0
1634,06-24,금,맑음,1439,25.2,0.0
1635,06-25,토,맑음,5193,26.5,0.0
1636,06-26,일,맑음,18829,25.9,0.0
1637,06-27,월,비,459,24.3,103.0
1638,06-28,화,흐림,404,22.6,19.1
1639,06-29,수,맑음,239,26.0,0.0
1640,06-30,목,맑음,108,26.5,0.0
1641,07-01,금,구름 많음,1188,26.8,6.1
1642,07-02,토,구름 많음,2745,26.9,6.3
1643,07-03,일,비,1965,25.1,37.8
1644,07-04,월,비,516,22.3,176.2
1645,07-05,화,맑음,459,13.707370184254607,0.0
1646,07-06,수,맑음,536,26.6,0.0
1647,07-07,목,맑음,280,28.8,0.0
1648,07-08,금,맑음,743,29.3,0.0
1649,07-09,토,구름 조금,2469,29.3,0.0
1650,07-10,일,구름 조금,1722,29.2,0.0
1651,07-11,월,흐림,472,29.5,16.1
1652,07-12,화,구름 조금,711,28.2,0.0
1653,07-13,수,구름 조금,149,25.8,1.7
1654,07-14,목,구름 조금,753,26.9,0.1
1655,07-15,금,구름 조금,1243,29.2,0.0
1656,07-16,토,흐림,2437,27.0,9.0
1657,07-17,일,맑음,3223,26.8,0.0
1658,07-18,월,비,5216,25.0,114.5
1659,07-19,화,구름 조금,755,25.7,0.9
1660,07-20,수,맑음,774,26.0,0.0
1661,07-21,목,비,676,24.8,34.0
1662,07-22,금,구름 조금,756,25.5,0.0
1663,07-23,토,맑음,10918,26.8,0.0
1664,07-24,일,맑음,3068,27.4,0.0
1665,07-25,월,구름 조금,1208,27.1,1.1
1666,07-26,화,흐림,833,23.2,10.4
1667,07-27,수,구름 많음,1005,25.1,5.2
1668,07-28,목,흐림,1014,24.8,9.9
1669,07-29,금,구름 조금,854,25.0,1.2
1670,07-30,토,맑음,1277,27.5,0.0
1671,07-31,일,맑음,856,28.9,0.0
1672,08-01,월,맑음,1417,29.3,0.0
1673,08-02,화,맑음,938,29.7,0.0
1674,08-03,수,맑음,1286,30.7,0.0
1675,08-04,목,구름 조금,2637,30.9,1.0
1676,08-05,금,비,1023,27.2,47.2
1677,08-06,토,비,1584,28.6,30.0
1678,08-07,일,비,1697,26.8,33.5
1679,08-08,월,비,177,27.1,51.1
1680,08-09,화,구름 조금,69,28.9,0.0
1681,08-10,수,구름 조금,875,29.4,0.0
1682,08-11,목,흐림,531,28.7,13.6
1683,08-12,금,구름 조금,1521,28.9,0.9
1684,08-13,토,비,1703,26.8,129.6
1685,08-14,일,비,5632,25.1,123.1
1686,08-15,월,흐림,4618,24.7,7.6
1687,08-16,화,비,1531,25.0,38.8
1688,08-17,수,맑음,1324,27.0,0.0
1689,08-18,목,구름 많음,1640,25.8,4.0
1690,08-19,금,구름 많음,1116,27.6,3.0
1691,08-20,토,구름 조금,5437,28.1,0.9
1692,08-21,일,구름 조금,4690,26.7,0.0
1693,08-22,월,구름 조금,1408,26.0,0.0
1694,08-23,화,맑음,1137,25.6,0.0
1695,08-24,수,비,1568,26.0,66.1
1696,08-25,목,구름 조금,803,28.2,0.0
1697,08-26,금,맑음,1885,28.1,0.0
1698,08-27,토,구름 많음,16188,26.8,3.2
1699,08-28,일,구름 조금,14964,25.4,2.2
1700,08-29,월,맑음,917,24.8,0.0
1701,08-30,화,구름 조금,184,22.2,1.6
1702,08-31,수,맑음,1678,23.8,0.0
1703,09-01,목,흐림,2141,21.5,17.6
1704,09-02,금,맑음,2584,22.6,0.0
1705,09-03,토,구름 조금,13485,21.0,2.2
1706,09-04,일,비,790,19.1,35.8
1707,09-05,월,구름 조금,55,21.7,0.0
1708,09-06,화,맑음,1340,24.0,0.0
1709,09-07,수,맑음,2223,24.7,0.0
1710,09-08,목,맑음,2057,24.2,0.0
1711,09-09,금,비,10663,22.3,33.8
1712,09-10,토,비,13924,19.2,120.0
1713,09-11,일,비,16246,21.0,25.3
1714,09-12,월,맑음,14399,22.8,0.0
1715,09-13,화,맑음,2526,23.2,0.0
1716,09-14,수,맑음,1606,24.3,0.0
1717,09-15,목,맑음,2073,23.6,0.0
1718,09-16,금,구름 조금,2332,23.3,0.1
1719,09-17,토,맑음,7960,23.8,0.0
1720,09-18,일,구름 조금,9012,24.3,0.0
1721,09-19,월,구름 조금,1905,24.6,0.0
1722,09-20,화,구름 조금,2651,25.2,0.1
1723,09-21,수,흐림,2964,25.7,14.6
1724,09-22,목,구름 많음,4536,25.6,4.3
1725,09-23,금,맑음,3468,27.1,0.0
1726,09-24,토,맑음,16093,24.6,0.0
1727,09-25,일,맑음,13925,19.9,0.0
1728,09-26,월,맑음,2946,19.4,0.0
1729,09-27,화,맑음,7608,19.8,0.0
1730,09-28,수,구름 많음,4835,17.5,3.3
1731,09-29,목,맑음,2630,18.5,0.0
1732,09-30,금,맑음,4460,19.6,0.0
1733,10-01,토,맑음,13785,20.0,0.0
1734,10-02,일,맑음,12071,20.9,0.0
1735,10-03,월,맑음,560,20.4,0.0
1736,10-04,화,맑음,1571,20.4,0.0
1737,10-05,수,맑음,3310,20.7,0.0
1738,10-06,목,맑음,2908,13.707370184254607,0.0
1739,10-07,금,맑음,4548,20.9,0.0
1740,10-08,토,흐림,17148,19.4,15.8
1741,10-09,일,비,1749,21.4,76.0
1742,10-10,월,흐림,3701,17.9,11.8
1743,10-11,화,구름 조금,2339,16.6,0.1
1744,10-12,수,구름 조금,3944,15.8,0.0
1745,10-13,목,맑음,5192,14.3,0.0
1746,10-14,금,맑음,5034,15.8,0.0
1747,10-15,토,비,14951,13.1,20.4
1748,10-16,일,구름 조금,13354,9.9,0.0
1749,10-17,월,맑음,2944,11.1,0.0
1750,10-18,화,맑음,2905,13.5,0.0
1751,10-19,수,맑음,3187,16.3,0.0
1752,10-20,목,맑음,4181,17.1,0.0
1753,10-21,금,맑음,6339,18.2,0.0
1754,10-22,토,맑음,14033,16.9,0.0
1755,10-23,일,맑음,15734,11.2,0.0
1756,10-24,월,맑음,3200,9.4,0.0
1757,10-25,화,맑음,3097,10.5,0.0
1758,10-26,수,맑음,7256,12.9,0.0
1759,10-27,목,맑음,4482,14.0,0.0
1760,10-28,금,맑음,5649,15.1,0.0
1761,10-29,토,맑음,16415,14.0,0.0
1762,10-30,일,맑음,28609,10.6,0.0
1763,10-31,월,맑음,3917,11.3,0.0
1764,11-01,월,맑음,3168,12.9,0.0
1765,11-02,화,맑음,3353,13.2,0.0
1766,11-03,수,맑음,3310,13.6,0.0
1767,11-04,목,맑음,2533,14.8,0.0
1768,11-05,금,맑음,3846,14.9,0.0
1769,11-06,토,맑음,15092,14.9,0.0
1770,11-07,일,맑음,16700,13.1,0.0
1771,11-08,월,맑음,171,11.1,0.0
1772,11-09,화,구름 조금,385,9.3,0.0
1773,11-10,수,맑음,930,4.9,0.0
1774,11-11,목,맑음,1515,6.5,0.0
1775,11-12,금,맑음,1593,9.6,0.0
1776,11-13,토,구름 조금,6639,11.4,0.0
1777,11-14,일,맑음,8436,12.9,0.0
1778,11-15,월,맑음,1680,11.4,0.0
1779,11-16,화,맑음,3665,13.5,0.0
1780,11-17,수,맑음,1631,15.6,0.0
1781,11-18,목,비,1073,16.3,57.9
1782,11-19,금,맑음,1748,10.3,0.0
1783,11-20,토,맑음,4321,9.7,0.0
1784,11-21,일,구름 조금,3040,8.1,1.6
1785,11-22,월,맑음,683,8.5,0.0
1786,11-23,화,맑음,436,10.2,0.0
1787,11-24,수,맑음,523,11.0,0.0
1788,11-25,목,맑음,665,12.9,0.0
1789,11-26,금,맑음,16233,13.7,0.0
1790,11-27,토,맑음,15992,11.8,0.0
1791,11-28,일,구름 조금,4650,10.7,0.0
1792,11-29,월,구름 조금,1137,10.8,0.0
1793,11-30,화,맑음,141,9.4,0.0
1794,12-01,수,구름 조금,321,12.3,1.7
1795,12-02,목,맑음,386,6.7,0.0
1796,12-03,금,맑음,361,5.4,0.0
1797,12-04,토,흐림,1741,12.3,19.5
1798,12-05,일,구름 많음,2830,6.9,3.8
1799,12-06,월,맑음,696,-5.4,0.0
1800,12-07,화,맑음,1776,13.707370184254607,0.0
1801,12-08,수,맑음,744,-5.4,0.0
1802,12-09,목,맑음,645,-2.5,0.0
1803,12-10,금,구름 조금,404,2.1,1.1
1804,12-11,토,맑음,2688,-3.5,0.0
1805,12-12,일,맑음,2415,-3.1,0.0
1806,12-13,월,구름 조금,267,0.9,0.1
1807,12-14,화,구름 조금,568,4.9,0.1
1808,12-15,수,맑음,339,3.7,0.0
1809,12-16,목,구름 조금,355,4.5,0.0
1810,12-17,금,맑음,343,2.6,0.0
1811,12-18,토,맑음,312,1.6,0.0
1812,12-19,일,구름 많음,573,2.0,5.4
1813,12-20,월,구름 조금,471,0.0,0.6
1814,12-21,화,맑음,460,-8.4,0.0
1815,12-22,수,구름 조금,427,-4.5,2.4
1816,12-23,목,맑음,430,-6.3,0.0
1817,12-24,금,구름 조금,303,-7.0,0.2
1818,12-25,토,맑음,390,-9.5,0.0
1819,12-26,일,맑음,223,-7.0,0.0
1820,12-27,월,맑음,12955,-3.2,0.0
1821,12-28,화,구름 많음,317,-0.1,3.6
1822,12-29,수,맑음,394,-7.8,0.0
1823,12-30,목,맑음,420,-11.8,0.0
1824,12-31,금,맑음,202,-8.4,0.0
